,Temperature,Dew Point,Humidity,Speed,Pressure,Precip. Accum.,,,,,,,,,
Date,High,Avg,Low,High,Avg,Low,High,Avg,Low,High,Avg,Low,High,Low,Sum
1/1/2020,30.3 C,25.5 C,21.1 C,22.4 C,19.0 C,14.7 C,99 %,70 %,46 %,15.1 km/h,2.9 km/h,0.0 km/h,997.56 hPa,994.68 hPa,0.00 mm
1/2/2020,31.6 C,24.7 C,18.9 C,22.9 C,19.7 C,14.7 C,98 %,75 %,45 %,17.5 km/h,4.7 km/h,0.0 km/h,"1,000.00 hPa",997.26 hPa,0.00 mm
1/3/2020,33.2 C,28.3 C,22.7 C,24.4 C,19.9 C,14.8 C,70 %,60 %,40 %,17.5 km/h,6.9 km/h,0.0 km/h,999.26 hPa,996.75 hPa,0.00 mm
1/4/2020,34.4 C,26.6 C,19.0 C,25.5 C,19.3 C,14.7 C,84 %,65 %,38 %,19.2 km/h,4.5 km/h,0.0 km/h,998.24 hPa,989.88 hPa,0.00 mm
1/5/2020,34.7 C,27.1 C,18.9 C,25.8 C,20.4 C,14.7 C,92 %,67 %,35 %,32.5 km/h,8.2 km/h,0.0 km/h,990.38 hPa,978.50 hPa,0.00 mm
1/6/2020,30.0 C,23.2 C,17.6 C,21.4 C,16.6 C,9.2 C,88 %,67 %,31 %,22.5 km/h,4.8 km/h,0.0 km/h,994.01 hPa,988.69 hPa,0.00 mm
1/7/2020,32.0 C,23.6 C,13.4 C,23.3 C,16.5 C,10.6 C,89 %,65 %,24 %,25.7 km/h,6.2 km/h,0.0 km/h,994.89 hPa,988.76 hPa,0.00 mm
1/8/2020,35.4 C,27.4 C,16.9 C,26.4 C,20.5 C,14.4 C,93 %,67 %,44 %,32.5 km/h,9.8 km/h,0.0 km/h,990.99 hPa,982.49 hPa,0.00 mm
1/9/2020,31.1 C,26.0 C,21.5 C,22.4 C,18.5 C,14.7 C,86 %,65 %,60 %,29.1 km/h,7.3 km/h,0.0 km/h,992.18 hPa,984.49 hPa,0.00 mm
1/10/2020,24.2 C,23.1 C,22.0 C,21.4 C,17.8 C,14.7 C,98 %,76 %,60 %,21.7 km/h,2.9 km/h,0.0 km/h,992.08 hPa,990.08 hPa,3.05 mm
1/11/2020,33.8 C,30.1 C,25.8 C,24.9 C,21.5 C,17.4 C,99 %,63 %,51 %,15.9 km/h,5.8 km/h,0.0 km/h,994.99 hPa,989.67 hPa,3.05 mm
1/12/2020,31.7 C,27.2 C,23.8 C,23.0 C,18.8 C,15.6 C,92 %,62 %,60 %,23.3 km/h,5.7 km/h,0.0 km/h,997.77 hPa,993.06 hPa,3.05 mm
1/13/2020,36.0 C,28.9 C,23.6 C,27.0 C,20.4 C,15.4 C,90 %,61 %,58 %,24.1 km/h,8.0 km/h,0.0 km/h,995.70 hPa,988.49 hPa,3.05 mm
1/14/2020,36.3 C,30.2 C,24.4 C,27.3 C,21.6 C,16.1 C,99 %,62 %,55 %,20.0 km/h,7.3 km/h,0.0 km/h,991.06 hPa,984.56 hPa,3.05 mm
1/15/2020,31.1 C,25.2 C,19.6 C,22.4 C,17.6 C,13.4 C,99 %,64 %,39 %,29.1 km/h,6.5 km/h,0.0 km/h,998.38 hPa,983.68 hPa,5.84 mm
1/16/2020,30.2 C,22.7 C,15.0 C,21.6 C,15.7 C,10.8 C,85 %,65 %,24 %,18.3 km/h,4.3 km/h,0.0 km/h,"1,004.00 hPa",998.38 hPa,5.84 mm
1/17/2020,30.6 C,24.0 C,17.3 C,21.9 C,16.8 C,12.5 C,83 %,64 %,33 %,26.7 km/h,7.6 km/h,0.0 km/h,"1,003.86 hPa",998.07 hPa,5.84 mm
1/18/2020,33.3 C,27.2 C,18.9 C,24.4 C,19.4 C,14.0 C,83 %,62 %,26 %,23.3 km/h,8.8 km/h,0.0 km/h,999.19 hPa,993.19 hPa,0.00 mm
1/19/2020,36.2 C,29.7 C,23.3 C,27.2 C,21.1 C,15.1 C,84 %,61 %,54 %,23.3 km/h,6.6 km/h,0.0 km/h,995.06 hPa,988.05 hPa,0.00 mm
1/20/2020,32.6 C,27.8 C,23.1 C,23.8 C,19.3 C,14.9 C,99 %,62 %,60 %,29.1 km/h,8.0 km/h,0.0 km/h,992.01 hPa,987.57 hPa,45.72 mm
1/21/2020,32.5 C,26.2 C,22.7 C,23.7 C,17.9 C,14.7 C,99 %,63 %,60 %,19.2 km/h,3.8 km/h,0.0 km/h,994.68 hPa,988.69 hPa,63.50 mm
1/22/2020,34.7 C,26.6 C,20.4 C,25.8 C,20.8 C,14.7 C,99 %,73 %,60 %,15.9 km/h,3.7 km/h,0.0 km/h,997.36 hPa,994.51 hPa,17.78 mm
1/23/2020,35.3 C,27.6 C,21.2 C,26.3 C,20.7 C,14.7 C,99 %,68 %,60 %,14.2 km/h,4.1 km/h,0.0 km/h,997.77 hPa,993.06 hPa,0.00 mm
1/24/2020,34.4 C,27.1 C,19.7 C,25.5 C,20.3 C,14.7 C,99 %,68 %,60 %,20.0 km/h,5.2 km/h,0.0 km/h,995.70 hPa,990.55 hPa,0.00 mm
1/25/2020,38.0 C,29.2 C,20.4 C,28.9 C,22.4 C,14.7 C,99 %,69 %,60 %,12.6 km/h,2.2 km/h,0.0 km/h,993.50 hPa,989.88 hPa,0.00 mm
1/26/2020,35.0 C,27.4 C,21.5 C,26.1 C,20.0 C,14.7 C,88 %,65 %,60 %,9.3 km/h,1.1 km/h,0.0 km/h,995.56 hPa,991.20 hPa,0.00 mm
1/27/2020,33.4 C,25.2 C,20.5 C,24.6 C,17.4 C,13.8 C,78 %,62 %,59 %,15.9 km/h,4.1 km/h,0.0 km/h,"1,001.36 hPa",995.26 hPa,0.00 mm
1/28/2020,33.6 C,25.5 C,16.4 C,24.8 C,18.9 C,14.7 C,92 %,68 %,60 %,22.5 km/h,6.9 km/h,0.0 km/h,997.29 hPa,987.13 hPa,0.00 mm
1/29/2020,25.5 C,22.4 C,19.2 C,21.6 C,18.2 C,14.7 C,99 %,79 %,60 %,15.1 km/h,4.0 km/h,0.0 km/h,997.56 hPa,987.47 hPa,2.79 mm
1/30/2020,29.6 C,22.5 C,17.7 C,21.0 C,17.6 C,10.9 C,99 %,76 %,48 %,19.2 km/h,3.1 km/h,0.0 km/h,"1,000.75 hPa",995.87 hPa,2.79 mm
1/31/2020,31.0 C,23.1 C,13.4 C,22.3 C,16.2 C,10.6 C,88 %,66 %,60 %,20.0 km/h,5.3 km/h,0.0 km/h,998.24 hPa,994.01 hPa,0.00 mm
2/1/2020,33.9 C,26.2 C,17.5 C,25.1 C,19.4 C,14.7 C,93 %,68 %,60 %,20.9 km/h,7.2 km/h,0.0 km/h,995.70 hPa,990.25 hPa,0.00 mm
2/2/2020,36.3 C,27.6 C,18.6 C,27.3 C,21.1 C,14.7 C,99 %,69 %,60 %,20.0 km/h,5.6 km/h,0.0 km/h,996.38 hPa,992.18 hPa,0.00 mm
2/3/2020,36.0 C,28.4 C,19.0 C,27.0 C,21.3 C,14.7 C,97 %,67 %,60 %,29.1 km/h,7.8 km/h,0.0 km/h,996.17 hPa,989.88 hPa,0.00 mm
2/4/2020,38.0 C,29.7 C,21.9 C,28.9 C,21.9 C,14.7 C,88 %,64 %,60 %,27.5 km/h,9.9 km/h,2.7 km/h,990.48 hPa,985.00 hPa,0.00 mm
2/5/2020,28.4 C,23.2 C,18.7 C,22.6 C,18.8 C,14.7 C,99 %,79 %,60 %,49.7 km/h,5.1 km/h,0.0 km/h,992.55 hPa,986.46 hPa,93.98 mm
2/6/2020,29.6 C,23.8 C,20.2 C,22.7 C,19.5 C,14.7 C,99 %,79 %,60 %,13.4 km/h,2.0 km/h,0.0 km/h,996.61 hPa,991.53 hPa,95.00 mm
2/7/2020,28.3 C,24.1 C,22.2 C,22.7 C,17.9 C,14.7 C,99 %,70 %,60 %,15.1 km/h,3.1 km/h,0.0 km/h,998.65 hPa,994.92 hPa,97.79 mm
2/8/2020,22.7 C,22.2 C,21.4 C,22.6 C,22.0 C,21.2 C,99 %,99 %,99 %,11.7 km/h,2.9 km/h,0.0 km/h,998.65 hPa,996.28 hPa,0.00 mm
2/9/2020,25.0 C,21.9 C,18.5 C,20.9 C,18.1 C,14.6 C,99 %,81 %,60 %,15.1 km/h,4.0 km/h,0.0 km/h,"1,003.73 hPa",997.63 hPa,3.05 mm
2/10/2020,29.6 C,22.1 C,15.9 C,21.0 C,17.3 C,14.7 C,99 %,77 %,60 %,15.9 km/h,4.7 km/h,0.0 km/h,"1,005.08 hPa","1,000.68 hPa",3.05 mm
2/11/2020,32.9 C,23.5 C,16.6 C,24.1 C,18.0 C,14.6 C,90 %,72 %,60 %,15.9 km/h,3.9 km/h,0.0 km/h,"1,003.05 hPa",997.97 hPa,0.00 mm
2/12/2020,32.5 C,25.0 C,18.3 C,23.7 C,18.7 C,14.8 C,95 %,69 %,60 %,20.0 km/h,5.8 km/h,0.0 km/h,998.98 hPa,992.21 hPa,0.00 mm
2/13/2020,31.5 C,25.8 C,19.1 C,22.8 C,18.9 C,14.7 C,92 %,67 %,60 %,16.7 km/h,3.7 km/h,0.0 km/h,993.57 hPa,989.16 hPa,0.00 mm
2/14/2020,33.8 C,26.4 C,22.4 C,24.9 C,18.7 C,14.7 C,96 %,63 %,60 %,15.9 km/h,3.1 km/h,0.0 km/h,994.92 hPa,990.52 hPa,0.00 mm
2/15/2020,37.5 C,28.2 C,20.6 C,28.4 C,21.8 C,14.7 C,99 %,70 %,60 %,13.4 km/h,3.3 km/h,0.0 km/h,992.89 hPa,987.81 hPa,0.00 mm
2/16/2020,36.1 C,29.1 C,24.1 C,27.1 C,20.6 C,15.8 C,60 %,60 %,60 %,25.7 km/h,8.2 km/h,0.0 km/h,989.84 hPa,982.73 hPa,0.00 mm
2/17/2020,30.5 C,23.3 C,20.8 C,22.7 C,18.7 C,14.7 C,99 %,78 %,60 %,27.5 km/h,4.4 km/h,0.0 km/h,992.21 hPa,983.75 hPa,54.86 mm
2/18/2020,32.5 C,22.8 C,15.8 C,23.7 C,17.8 C,12.9 C,99 %,75 %,32 %,21.7 km/h,4.0 km/h,0.0 km/h,999.66 hPa,991.87 hPa,54.86 mm
2/19/2020,31.6 C,22.6 C,15.5 C,22.9 C,17.3 C,13.3 C,99 %,74 %,60 %,20.9 km/h,4.4 km/h,0.0 km/h,996.28 hPa,991.53 hPa,0.00 mm
2/20/2020,29.2 C,21.7 C,17.5 C,20.7 C,16.3 C,10.3 C,99 %,73 %,33 %,17.5 km/h,4.8 km/h,0.0 km/h,"1,006.43 hPa",995.60 hPa,0.00 mm
2/21/2020,28.7 C,20.8 C,16.0 C,20.2 C,13.1 C,9.1 C,73 %,61 %,33 %,13.4 km/h,3.9 km/h,0.0 km/h,"1,009.14 hPa","1,006.10 hPa",0.00 mm
2/22/2020,29.3 C,20.7 C,9.9 C,20.7 C,14.4 C,8.5 C,91 %,68 %,36 %,11.7 km/h,2.8 km/h,0.0 km/h,"1,009.14 hPa","1,003.05 hPa",0.00 mm
2/23/2020,27.9 C,24.7 C,19.3 C,19.4 C,16.9 C,14.7 C,75 %,62 %,52 %,22.5 km/h,5.3 km/h,1.8 km/h,"1,003.05 hPa",993.57 hPa,0.00 mm
2/24/2020,31.4 C,23.0 C,14.6 C,22.7 C,17.5 C,13.5 C,99 %,73 %,50 %,32.5 km/h,5.8 km/h,0.0 km/h,993.91 hPa,986.46 hPa,0.00 mm
2/25/2020,31.5 C,24.1 C,18.3 C,22.8 C,18.5 C,14.8 C,96 %,72 %,60 %,47.3 km/h,1.7 km/h,0.0 km/h,997.63 hPa,990.86 hPa,14.22 mm
2/26/2020,33.6 C,22.8 C,14.1 C,24.8 C,17.4 C,12.2 C,91 %,73 %,59 %,10.1 km/h,1.9 km/h,0.0 km/h,"1,000.34 hPa",996.61 hPa,14.22 mm
2/27/2020,32.9 C,23.1 C,13.9 C,24.1 C,17.2 C,12.4 C,92 %,71 %,60 %,15.9 km/h,2.8 km/h,0.0 km/h,998.98 hPa,994.24 hPa,0.00 mm
2/28/2020,35.4 C,25.4 C,15.8 C,26.4 C,19.0 C,14.3 C,98 %,69 %,60 %,18.3 km/h,3.2 km/h,0.0 km/h,999.32 hPa,995.60 hPa,0.00 mm
2/29/2020,35.5 C,25.9 C,16.9 C,26.6 C,19.7 C,14.7 C,98 %,70 %,60 %,19.2 km/h,4.2 km/h,0.0 km/h,"1,002.71 hPa",999.32 hPa,0.00 mm
3/1/2020,34.1 C,25.8 C,16.8 C,25.2 C,19.6 C,14.7 C,99 %,71 %,60 %,25.7 km/h,5.4 km/h,0.0 km/h,"1,002.37 hPa",998.31 hPa,0.00 mm
3/2/2020,24.5 C,20.7 C,17.3 C,18.1 C,16.1 C,14.8 C,94 %,76 %,60 %,18.3 km/h,4.7 km/h,0.0 km/h,"1,000.68 hPa",997.97 hPa,0.00 mm
3/3/2020,34.6 C,26.3 C,17.1 C,25.7 C,18.9 C,14.5 C,86 %,64 %,60 %,24.9 km/h,5.7 km/h,0.0 km/h,998.65 hPa,994.58 hPa,0.00 mm
3/4/2020,36.6 C,27.1 C,18.8 C,27.6 C,20.0 C,14.7 C,88 %,66 %,60 %,14.2 km/h,3.9 km/h,0.0 km/h,998.98 hPa,995.60 hPa,0.00 mm
3/5/2020,35.3 C,27.2 C,19.1 C,26.3 C,19.8 C,14.7 C,85 %,64 %,44 %,20.9 km/h,5.4 km/h,0.0 km/h,"1,000.00 hPa",994.58 hPa,0.00 mm
3/6/2020,32.8 C,25.6 C,18.7 C,24.0 C,19.0 C,14.6 C,92 %,68 %,54 %,27.5 km/h,6.7 km/h,0.0 km/h,998.65 hPa,992.55 hPa,0.00 mm
3/7/2020,34.7 C,26.7 C,17.9 C,25.8 C,20.0 C,14.7 C,99 %,68 %,60 %,18.3 km/h,5.3 km/h,0.0 km/h,993.91 hPa,988.83 hPa,0.00 mm
3/8/2020,36.9 C,27.5 C,18.6 C,27.8 C,20.9 C,14.7 C,95 %,69 %,60 %,20.9 km/h,5.7 km/h,0.0 km/h,994.24 hPa,990.18 hPa,0.00 mm
3/9/2020,38.6 C,28.7 C,20.6 C,29.4 C,21.4 C,14.6 C,86 %,66 %,60 %,20.9 km/h,4.0 km/h,0.0 km/h,998.31 hPa,993.23 hPa,0.00 mm
3/10/2020,33.2 C,25.9 C,19.7 C,24.4 C,19.6 C,14.7 C,96 %,70 %,60 %,18.3 km/h,6.4 km/h,0.0 km/h,999.66 hPa,991.87 hPa,2.54 mm
3/11/2020,38.4 C,27.7 C,20.3 C,29.2 C,20.5 C,14.8 C,98 %,66 %,60 %,31.5 km/h,8.4 km/h,0.0 km/h,995.60 hPa,987.13 hPa,5.84 mm
3/12/2020,28.7 C,22.3 C,18.3 C,22.7 C,18.6 C,14.6 C,99 %,82 %,60 %,15.9 km/h,3.3 km/h,0.0 km/h,996.95 hPa,991.20 hPa,23.11 mm
3/14/2020,27.2 C,22.9 C,19.5 C,18.8 C,16.7 C,14.1 C,81 %,69 %,60 %,37.3 km/h,16.1 km/h,0.0 km/h,"1,000.68 hPa",993.57 hPa,0.00 mm
3/15/2020,19.5 C,16.6 C,13.9 C,17.3 C,15.8 C,13.7 C,99 %,95 %,81 %,26.7 km/h,9.1 km/h,0.0 km/h,"1,003.39 hPa",999.32 hPa,27.18 mm
3/16/2020,30.2 C,22.7 C,17.4 C,21.6 C,17.9 C,14.7 C,99 %,77 %,60 %,17.5 km/h,4.3 km/h,0.0 km/h,"1,001.36 hPa",993.57 hPa,27.18 mm
3/17/2020,23.3 C,20.9 C,17.6 C,22.7 C,20.3 C,14.7 C,99 %,96 %,60 %,48.9 km/h,4.3 km/h,0.0 km/h,997.29 hPa,990.86 hPa,24.64 mm
3/18/2020,17.8 C,16.8 C,16.1 C,17.6 C,16.6 C,15.9 C,99 %,97 %,53 %,19.2 km/h,7.0 km/h,0.0 km/h,998.65 hPa,996.28 hPa,24.64 mm
3/19/2020,32.8 C,26.8 C,17.3 C,24.0 C,18.9 C,9.4 C,99 %,64 %,39 %,16.7 km/h,3.8 km/h,0.0 km/h,998.65 hPa,995.94 hPa,24.64 mm
3/20/2020,31.1 C,21.5 C,12.4 C,22.4 C,15.8 C,11.7 C,99 %,72 %,31 %,20.0 km/h,3.1 km/h,0.0 km/h,998.65 hPa,992.55 hPa,0.00 mm
3/21/2020,30.3 C,22.4 C,14.4 C,21.7 C,16.9 C,13.6 C,99 %,73 %,44 %,24.1 km/h,6.9 km/h,0.0 km/h,995.26 hPa,991.87 hPa,0.00 mm
3/22/2020,31.6 C,23.4 C,15.1 C,22.9 C,17.9 C,14.6 C,99 %,73 %,40 %,23.3 km/h,6.7 km/h,0.0 km/h,998.65 hPa,994.92 hPa,0.00 mm
3/23/2020,33.2 C,26.7 C,19.0 C,24.4 C,19.4 C,14.7 C,95 %,65 %,42 %,22.5 km/h,8.7 km/h,0.0 km/h,997.97 hPa,992.89 hPa,0.00 mm
3/24/2020,34.5 C,26.6 C,18.9 C,25.6 C,19.9 C,14.7 C,89 %,68 %,47 %,27.5 km/h,6.8 km/h,0.0 km/h,994.92 hPa,990.52 hPa,0.00 mm
3/25/2020,26.5 C,21.9 C,18.3 C,21.9 C,19.0 C,14.7 C,99 %,86 %,60 %,23.3 km/h,7.7 km/h,0.0 km/h,"1,000.34 hPa",989.50 hPa,5.59 mm
3/26/2020,26.3 C,20.7 C,18.3 C,22.1 C,18.7 C,14.7 C,99 %,91 %,60 %,18.3 km/h,4.0 km/h,0.0 km/h,"1,000.68 hPa",995.60 hPa,6.86 mm
3/27/2020,23.7 C,20.9 C,17.3 C,22.1 C,19.3 C,14.7 C,99 %,92 %,60 %,24.9 km/h,4.4 km/h,0.0 km/h,996.61 hPa,993.23 hPa,7.11 mm
3/28/2020,28.4 C,21.2 C,16.9 C,22.3 C,18.2 C,14.7 C,99 %,86 %,60 %,19.2 km/h,3.5 km/h,0.0 km/h,995.60 hPa,992.55 hPa,7.11 mm
3/29/2020,32.9 C,23.7 C,18.5 C,24.1 C,19.9 C,14.7 C,99 %,82 %,50 %,14.2 km/h,2.5 km/h,0.0 km/h,999.66 hPa,995.26 hPa,0.00 mm
3/30/2020,35.1 C,24.2 C,17.0 C,26.2 C,19.2 C,14.6 C,99 %,77 %,47 %,15.9 km/h,2.3 km/h,0.0 km/h,"1,000.00 hPa",995.94 hPa,0.25 mm
3/31/2020,31.3 C,24.8 C,20.9 C,22.6 C,19.6 C,14.7 C,99 %,76 %,60 %,14.2 km/h,1.9 km/h,0.0 km/h,"1,000.00 hPa",995.26 hPa,0.25 mm
4/1/2020,28.6 C,23.4 C,19.1 C,22.7 C,19.9 C,14.7 C,99 %,84 %,60 %,42.3 km/h,5.3 km/h,0.0 km/h,"1,002.71 hPa",994.58 hPa,1.02 mm
4/2/2020,26.7 C,19.8 C,14.3 C,18.6 C,14.8 C,9.6 C,98 %,75 %,37 %,27.5 km/h,8.7 km/h,0.0 km/h,"1,008.47 hPa","1,002.37 hPa",1.02 mm
4/3/2020,27.7 C,17.6 C,0.0 C,19.2 C,11.8 C,7.2 C,91 %,70 %,0 %,19.2 km/h,4.7 km/h,0.0 km/h,"1,005.42 hPa",995.60 hPa,1.02 mm
4/4/2020,28.0 C,19.0 C,10.8 C,19.5 C,14.3 C,10.4 C,99 %,76 %,46 %,25.7 km/h,6.8 km/h,0.0 km/h,995.60 hPa,991.20 hPa,1.02 mm
4/5/2020,30.1 C,20.9 C,14.3 C,21.5 C,16.7 C,13.9 C,99 %,79 %,46 %,20.0 km/h,4.2 km/h,0.0 km/h,996.61 hPa,990.18 hPa,1.02 mm
4/6/2020,24.4 C,18.7 C,14.3 C,17.3 C,11.2 C,3.4 C,98 %,66 %,28 %,35.7 km/h,9.0 km/h,0.0 km/h,"1,008.13 hPa",996.61 hPa,1.02 mm
4/7/2020,25.2 C,20.2 C,0.0 C,16.9 C,8.7 C,4.0 C,72 %,49 %,0 %,12.6 km/h,3.5 km/h,0.0 km/h,"1,010.50 hPa","1,005.08 hPa",1.02 mm
4/8/2020,--,--,--,--,--,--,86 %,58 %,32 %,--,--,--,--,--,--
4/9/2020,26.8 C,19.9 C,9.8 C,18.4 C,12.9 C,7.8 C,88 %,65 %,37 %,16.7 km/h,3.9 km/h,0.0 km/h,"1,006.43 hPa","1,002.71 hPa",0.00 mm
4/10/2020,21.8 C,12.6 C,9.4 C,14.6 C,9.6 C,7.5 C,90 %,83 %,62 %,17.5 km/h,1.5 km/h,0.0 km/h,"1,004.74 hPa","1,003.05 hPa",0.00 mm
4/11/2020,26.2 C,21.8 C,0.0 C,17.8 C,13.8 C,10.7 C,99 %,61 %,0 %,24.1 km/h,8.0 km/h,0.0 km/h,"1,004.06 hPa",996.61 hPa,0.00 mm
4/12/2020,27.4 C,19.8 C,11.1 C,18.9 C,13.9 C,10.2 C,99 %,70 %,43 %,26.7 km/h,5.6 km/h,0.0 km/h,999.32 hPa,993.57 hPa,0.00 mm
4/13/2020,23.9 C,17.5 C,12.9 C,16.6 C,13.7 C,10.2 C,99 %,80 %,52 %,29.9 km/h,8.9 km/h,0.0 km/h,"1,001.36 hPa",995.60 hPa,14.48 mm
4/14/2020,27.4 C,16.6 C,0.0 C,18.9 C,11.7 C,7.6 C,97 %,74 %,0 %,18.3 km/h,2.5 km/h,0.0 km/h,"1,002.03 hPa",997.97 hPa,14.48 mm
4/15/2020,28.1 C,17.5 C,8.6 C,19.6 C,11.4 C,6.4 C,92 %,69 %,32 %,13.4 km/h,2.8 km/h,0.0 km/h,"1,003.05 hPa","1,000.34 hPa",0.00 mm
4/16/2020,26.7 C,17.8 C,10.2 C,18.3 C,12.3 C,8.5 C,91 %,72 %,43 %,21.7 km/h,5.2 km/h,0.0 km/h,"1,007.11 hPa","1,003.05 hPa",0.00 mm
4/17/2020,27.7 C,18.8 C,11.2 C,19.2 C,12.6 C,7.1 C,99 %,69 %,46 %,24.9 km/h,5.9 km/h,0.0 km/h,"1,008.47 hPa","1,004.06 hPa",0.00 mm
4/18/2020,27.5 C,18.7 C,0.0 C,19.1 C,13.2 C,9.2 C,99 %,72 %,0 %,26.7 km/h,6.9 km/h,0.0 km/h,"1,005.08 hPa","1,000.00 hPa",0.00 mm
4/19/2020,30.2 C,20.4 C,11.6 C,21.6 C,15.4 C,11.4 C,99 %,75 %,41 %,25.7 km/h,6.3 km/h,0.0 km/h,"1,000.68 hPa",996.95 hPa,0.00 mm
4/20/2020,25.5 C,16.8 C,13.9 C,18.7 C,15.0 C,13.6 C,99 %,90 %,60 %,11.7 km/h,2.4 km/h,0.0 km/h,"1,000.00 hPa",997.63 hPa,0.00 mm
4/21/2020,30.5 C,20.2 C,14.1 C,21.8 C,15.8 C,12.7 C,95 %,77 %,45 %,21.7 km/h,4.9 km/h,0.0 km/h,"1,001.69 hPa",997.29 hPa,0.00 mm
4/22/2020,28.3 C,21.2 C,15.6 C,19.8 C,16.8 C,14.7 C,99 %,78 %,59 %,14.2 km/h,4.3 km/h,0.0 km/h,"1,000.68 hPa",995.60 hPa,0.00 mm
4/23/2020,30.0 C,23.4 C,17.8 C,21.4 C,17.3 C,14.7 C,89 %,70 %,47 %,27.5 km/h,6.1 km/h,0.0 km/h,996.95 hPa,989.84 hPa,0.00 mm
4/24/2020,35.6 C,26.1 C,18.0 C,26.7 C,19.5 C,14.7 C,92 %,68 %,39 %,35.7 km/h,9.0 km/h,0.0 km/h,989.84 hPa,984.76 hPa,0.00 mm
4/25/2020,26.0 C,20.3 C,18.0 C,20.1 C,17.8 C,14.6 C,98 %,87 %,60 %,28.3 km/h,9.8 km/h,0.0 km/h,"1,002.37 hPa",989.84 hPa,0.00 mm
4/26/2020,20.1 C,18.2 C,16.6 C,19.7 C,18.0 C,16.4 C,99 %,99 %,97 %,24.1 km/h,6.4 km/h,0.0 km/h,"1,005.42 hPa","1,001.36 hPa",17.02 mm
4/27/2020,20.7 C,19.6 C,18.5 C,20.6 C,19.4 C,18.3 C,99 %,99 %,99 %,17.5 km/h,5.9 km/h,0.0 km/h,"1,002.37 hPa",992.89 hPa,21.34 mm
4/28/2020,24.4 C,19.3 C,12.2 C,20.1 C,16.7 C,9.8 C,99 %,86 %,53 %,37.3 km/h,7.9 km/h,0.0 km/h,"1,004.74 hPa",991.20 hPa,5.59 mm
4/29/2020,28.9 C,16.5 C,8.3 C,20.3 C,10.2 C,5.9 C,88 %,68 %,22 %,13.4 km/h,2.5 km/h,0.0 km/h,"1,006.10 hPa","1,000.68 hPa",0.00 mm
4/30/2020,25.8 C,18.9 C,14.8 C,17.4 C,13.0 C,9.1 C,87 %,70 %,38 %,20.9 km/h,2.5 km/h,0.0 km/h,"1,004.74 hPa","1,000.34 hPa",0.00 mm
5/1/2020,30.3 C,19.5 C,11.3 C,21.7 C,14.5 C,9.4 C,89 %,74 %,34 %,10.9 km/h,1.8 km/h,0.0 km/h,"1,006.77 hPa","1,003.39 hPa",0.00 mm
5/2/2020,25.0 C,21.8 C,18.1 C,16.7 C,14.0 C,10.8 C,69 %,61 %,47 %,18.3 km/h,7.7 km/h,0.0 km/h,"1,005.08 hPa","1,000.68 hPa",0.00 mm
5/3/2020,21.2 C,16.8 C,16.1 C,14.3 C,12.2 C,11.7 C,79 %,75 %,62 %,17.5 km/h,7.0 km/h,0.0 km/h,"1,001.36 hPa",998.31 hPa,0.00 mm
5/4/2020,25.6 C,18.7 C,13.8 C,17.3 C,14.7 C,13.1 C,97 %,79 %,59 %,10.9 km/h,2.0 km/h,0.0 km/h,995.60 hPa,991.20 hPa,0.00 mm
5/5/2020,19.9 C,14.0 C,0.0 C,14.4 C,9.2 C,3.6 C,99 %,76 %,0 %,43.1 km/h,8.8 km/h,0.0 km/h,"1,009.82 hPa",992.89 hPa,1.52 mm
5/6/2020,22.7 C,11.2 C,3.8 C,8.4 C,4.7 C,2.0 C,89 %,68 %,31 %,15.1 km/h,2.4 km/h,0.0 km/h,"1,013.55 hPa","1,008.13 hPa",1.52 mm
5/7/2020,20.7 C,11.5 C,3.5 C,9.2 C,6.6 C,3.3 C,99 %,75 %,43 %,24.1 km/h,5.5 km/h,0.0 km/h,"1,009.82 hPa","1,004.06 hPa",1.52 mm
5/8/2020,21.0 C,10.1 C,6.1 C,9.9 C,7.2 C,5.6 C,99 %,85 %,47 %,31.5 km/h,7.4 km/h,0.0 km/h,"1,004.40 hPa","1,000.68 hPa",0.00 mm
5/9/2020,27.3 C,20.4 C,12.4 C,18.8 C,11.9 C,6.8 C,77 %,59 %,37 %,39.9 km/h,12.8 km/h,1.8 km/h,"1,000.68 hPa",990.18 hPa,0.00 mm
5/10/2020,32.1 C,19.6 C,0.0 C,23.4 C,13.0 C,8.4 C,86 %,67 %,0 %,22.5 km/h,7.9 km/h,0.0 km/h,992.21 hPa,983.75 hPa,0.00 mm
5/11/2020,23.7 C,16.8 C,11.0 C,15.5 C,6.0 C,1.8 C,80 %,51 %,25 %,31.5 km/h,9.7 km/h,0.0 km/h,"1,002.37 hPa",992.21 hPa,0.00 mm
5/12/2020,23.3 C,14.5 C,8.1 C,15.1 C,4.8 C,1.7 C,80 %,55 %,27 %,15.1 km/h,3.0 km/h,0.0 km/h,"1,001.02 hPa",997.29 hPa,0.00 mm
5/13/2020,18.9 C,10.7 C,6.4 C,7.0 C,4.1 C,1.8 C,82 %,66 %,33 %,17.5 km/h,3.3 km/h,0.0 km/h,"1,007.79 hPa","1,000.68 hPa",0.00 mm
5/14/2020,21.3 C,11.7 C,3.2 C,9.4 C,5.0 C,1.7 C,99 %,67 %,37 %,18.3 km/h,4.6 km/h,0.0 km/h,"1,008.81 hPa","1,002.37 hPa",0.00 mm
5/15/2020,30.4 C,15.7 C,6.8 C,21.8 C,10.2 C,4.3 C,91 %,72 %,41 %,19.2 km/h,4.2 km/h,0.0 km/h,"1,003.05 hPa",998.31 hPa,0.00 mm
5/16/2020,32.4 C,22.6 C,11.1 C,23.6 C,15.7 C,9.4 C,90 %,66 %,45 %,22.5 km/h,7.3 km/h,0.0 km/h,999.32 hPa,993.23 hPa,0.00 mm
5/17/2020,32.2 C,19.2 C,10.8 C,23.4 C,13.7 C,9.8 C,94 %,73 %,48 %,22.5 km/h,5.6 km/h,0.0 km/h,998.98 hPa,994.58 hPa,0.00 mm
5/18/2020,28.7 C,18.9 C,11.1 C,20.2 C,12.7 C,9.3 C,94 %,69 %,44 %,22.5 km/h,5.9 km/h,0.0 km/h,999.66 hPa,994.24 hPa,0.00 mm
5/19/2020,17.4 C,13.0 C,12.1 C,12.6 C,7.3 C,5.2 C,99 %,69 %,60 %,14.2 km/h,7.6 km/h,0.0 km/h,995.60 hPa,994.24 hPa,0.00 mm
5/20/2020,25.5 C,19.7 C,14.0 C,17.3 C,14.1 C,10.6 C,88 %,71 %,60 %,36.5 km/h,10.5 km/h,0.0 km/h,996.61 hPa,990.52 hPa,0.00 mm
5/21/2020,14.9 C,13.4 C,12.0 C,10.6 C,9.1 C,7.6 C,84 %,76 %,65 %,42.3 km/h,18.3 km/h,3.5 km/h,"1,006.10 hPa",995.60 hPa,0.51 mm
5/22/2020,14.7 C,11.2 C,5.7 C,8.4 C,4.1 C,0.1 C,81 %,63 %,41 %,43.9 km/h,16.0 km/h,0.0 km/h,"1,012.53 hPa","1,005.42 hPa",2.03 mm
5/23/2020,20.7 C,8.9 C,1.3 C,5.7 C,0.5 C,-5.7 C,90 %,59 %,24 %,17.5 km/h,3.7 km/h,0.0 km/h,"1,012.53 hPa","1,004.74 hPa",2.03 mm
5/24/2020,25.0 C,11.6 C,2.3 C,16.7 C,5.1 C,-4.7 C,99 %,68 %,28 %,20.0 km/h,4.2 km/h,0.0 km/h,"1,004.74 hPa",994.24 hPa,0.00 mm
5/25/2020,23.2 C,14.8 C,7.4 C,15.0 C,3.6 C,1.0 C,87 %,50 %,27 %,31.5 km/h,6.7 km/h,0.0 km/h,"1,005.42 hPa",996.95 hPa,0.00 mm
5/26/2020,14.3 C,8.6 C,0.0 C,8.9 C,3.6 C,0.9 C,86 %,71 %,0 %,22.5 km/h,0.9 km/h,0.0 km/h,"1,005.08 hPa",996.95 hPa,0.00 mm
5/27/2020,25.9 C,15.5 C,7.1 C,17.6 C,9.2 C,5.6 C,92 %,69 %,38 %,29.9 km/h,8.5 km/h,0.0 km/h,997.29 hPa,994.24 hPa,0.00 mm
5/28/2020,27.1 C,16.5 C,9.4 C,18.7 C,11.0 C,7.3 C,95 %,72 %,45 %,19.2 km/h,5.4 km/h,0.0 km/h,997.29 hPa,993.23 hPa,0.00 mm
5/29/2020,27.1 C,16.0 C,7.3 C,18.7 C,11.2 C,5.4 C,92 %,75 %,51 %,21.7 km/h,3.5 km/h,0.0 km/h,997.97 hPa,992.21 hPa,0.00 mm
5/30/2020,12.3 C,10.8 C,9.0 C,9.7 C,6.4 C,3.4 C,91 %,75 %,57 %,39.9 km/h,13.8 km/h,2.7 km/h,"1,007.11 hPa",997.97 hPa,0.00 mm
5/31/2020,17.8 C,10.5 C,4.3 C,5.1 C,2.9 C,-0.5 C,81 %,61 %,32 %,22.5 km/h,4.2 km/h,0.0 km/h,"1,008.47 hPa","1,004.40 hPa",0.00 mm
6/1/2020,19.9 C,8.7 C,0.8 C,4.1 C,0.0 C,-6.1 C,84 %,57 %,32 %,10.9 km/h,1.8 km/h,0.0 km/h,"1,008.47 hPa","1,004.40 hPa",0.00 mm
6/2/2020,19.0 C,9.3 C,1.3 C,5.8 C,1.3 C,-5.7 C,86 %,59 %,29 %,24.1 km/h,6.5 km/h,0.0 km/h,"1,006.10 hPa",998.98 hPa,0.00 mm
6/3/2020,16.5 C,10.6 C,3.4 C,9.2 C,6.1 C,2.6 C,99 %,76 %,54 %,18.3 km/h,2.8 km/h,0.0 km/h,"1,008.81 hPa",999.66 hPa,0.00 mm
6/4/2020,20.3 C,12.0 C,5.9 C,10.4 C,6.9 C,4.2 C,93 %,72 %,50 %,13.4 km/h,3.1 km/h,0.0 km/h,"1,009.14 hPa","1,003.73 hPa",0.00 mm
6/5/2020,18.0 C,11.3 C,7.9 C,9.2 C,6.6 C,4.5 C,90 %,74 %,51 %,24.9 km/h,5.9 km/h,0.0 km/h,"1,005.08 hPa",999.66 hPa,0.00 mm
6/6/2020,24.0 C,11.0 C,3.1 C,15.8 C,6.2 C,1.3 C,99 %,75 %,38 %,11.7 km/h,2.3 km/h,0.0 km/h,"1,001.36 hPa",995.60 hPa,0.00 mm
6/7/2020,22.0 C,11.5 C,3.9 C,13.0 C,7.6 C,3.7 C,99 %,81 %,41 %,18.3 km/h,3.5 km/h,0.0 km/h,"1,001.36 hPa",996.61 hPa,0.00 mm
6/8/2020,23.4 C,13.4 C,6.2 C,15.2 C,10.4 C,6.1 C,99 %,85 %,55 %,12.6 km/h,2.3 km/h,0.0 km/h,"1,000.00 hPa",995.06 hPa,0.00 mm
6/9/2020,25.0 C,14.5 C,6.6 C,16.7 C,10.7 C,6.4 C,99 %,81 %,49 %,17.5 km/h,2.3 km/h,0.0 km/h,999.49 hPa,993.74 hPa,0.00 mm
6/10/2020,25.3 C,15.2 C,9.7 C,16.9 C,11.6 C,8.2 C,99 %,81 %,53 %,14.2 km/h,2.8 km/h,0.0 km/h,996.89 hPa,992.18 hPa,0.00 mm
6/11/2020,22.9 C,14.3 C,6.9 C,14.8 C,11.0 C,6.6 C,99 %,82 %,51 %,24.1 km/h,5.1 km/h,0.0 km/h,996.89 hPa,986.25 hPa,0.00 mm
6/12/2020,23.0 C,15.1 C,8.3 C,14.8 C,7.3 C,-1.6 C,99 %,67 %,24 %,39.1 km/h,11.4 km/h,0.0 km/h,"1,004.20 hPa",985.68 hPa,0.00 mm
6/13/2020,17.1 C,10.3 C,0.0 C,2.8 C,-1.8 C,-5.9 C,76 %,47 %,0 %,29.9 km/h,7.0 km/h,0.0 km/h,"1,013.68 hPa",999.49 hPa,0.00 mm
6/14/2020,15.7 C,12.7 C,8.9 C,3.4 C,1.2 C,0.1 C,62 %,46 %,36 %,27.5 km/h,9.4 km/h,0.0 km/h,"1,011.89 hPa","1,004.27 hPa",0.00 mm
6/15/2020,18.5 C,11.5 C,0.0 C,8.2 C,4.9 C,1.7 C,84 %,65 %,0 %,20.9 km/h,6.3 km/h,0.0 km/h,"1,004.37 hPa",995.56 hPa,0.00 mm
6/16/2020,25.9 C,16.2 C,6.3 C,19.7 C,13.3 C,5.6 C,98 %,84 %,60 %,27.5 km/h,5.9 km/h,0.0 km/h,997.26 hPa,989.06 hPa,0.00 mm
6/17/2020,29.1 C,21.1 C,13.7 C,20.6 C,16.5 C,8.3 C,88 %,76 %,60 %,40.7 km/h,10.5 km/h,0.0 km/h,989.50 hPa,982.39 hPa,0.00 mm
6/18/2020,25.5 C,15.3 C,9.6 C,17.2 C,7.1 C,3.4 C,79 %,59 %,35 %,29.9 km/h,7.2 km/h,0.0 km/h,997.26 hPa,989.27 hPa,0.00 mm
6/19/2020,25.5 C,13.9 C,6.7 C,17.2 C,9.6 C,5.0 C,99 %,77 %,44 %,26.7 km/h,5.5 km/h,0.0 km/h,997.26 hPa,989.37 hPa,0.00 mm
6/20/2020,15.6 C,10.1 C,6.0 C,14.1 C,9.5 C,5.1 C,99 %,96 %,89 %,18.3 km/h,3.1 km/h,0.0 km/h,997.70 hPa,988.05 hPa,0.00 mm
6/21/2020,19.9 C,12.9 C,7.0 C,12.0 C,6.7 C,0.6 C,99 %,71 %,34 %,34.9 km/h,8.5 km/h,0.0 km/h,"1,003.56 hPa",990.48 hPa,0.00 mm
6/22/2020,19.9 C,10.9 C,2.8 C,12.6 C,5.9 C,-4.2 C,99 %,73 %,56 %,15.9 km/h,4.4 km/h,0.0 km/h,"1,003.56 hPa",987.74 hPa,0.00 mm
6/23/2020,15.0 C,13.0 C,11.4 C,13.2 C,12.1 C,10.6 C,98 %,94 %,88 %,32.5 km/h,9.5 km/h,0.0 km/h,991.70 hPa,988.49 hPa,0.00 mm
6/24/2020,14.1 C,10.2 C,5.6 C,11.4 C,8.4 C,3.7 C,99 %,89 %,73 %,43.1 km/h,11.5 km/h,0.0 km/h,999.26 hPa,987.67 hPa,0.51 mm
6/25/2020,19.0 C,9.0 C,3.6 C,5.4 C,2.4 C,0.4 C,91 %,68 %,32 %,32.5 km/h,8.7 km/h,0.0 km/h,"1,007.38 hPa",999.26 hPa,0.51 mm
6/26/2020,15.4 C,6.7 C,-0.6 C,7.2 C,-0.5 C,-7.4 C,85 %,62 %,36 %,22.5 km/h,3.5 km/h,0.0 km/h,"1,007.01 hPa","1,003.05 hPa",0.00 mm
6/27/2020,18.0 C,7.4 C,-1.4 C,6.0 C,0.3 C,-8.2 C,87 %,63 %,40 %,15.9 km/h,2.7 km/h,0.0 km/h,"1,007.08 hPa","1,004.00 hPa",0.00 mm
6/28/2020,17.7 C,8.8 C,1.7 C,7.7 C,2.0 C,-5.2 C,88 %,64 %,38 %,22.5 km/h,3.4 km/h,0.0 km/h,"1,005.86 hPa",999.39 hPa,0.00 mm
6/29/2020,19.4 C,10.3 C,2.6 C,13.0 C,7.3 C,-4.4 C,99 %,82 %,60 %,15.9 km/h,4.1 km/h,0.0 km/h,"1,000.07 hPa",989.37 hPa,0.00 mm
6/30/2020,16.3 C,10.9 C,7.8 C,9.6 C,6.4 C,3.7 C,99 %,77 %,46 %,48.1 km/h,15.0 km/h,0.0 km/h,"1,004.57 hPa",994.07 hPa,1.78 mm
7/1/2020,12.2 C,9.0 C,5.6 C,8.3 C,5.8 C,4.2 C,96 %,81 %,67 %,26.7 km/h,5.3 km/h,0.0 km/h,"1,005.76 hPa","1,002.57 hPa",0.00 mm
7/2/2020,18.2 C,9.3 C,4.2 C,7.8 C,5.1 C,2.9 C,94 %,77 %,47 %,16.7 km/h,3.4 km/h,0.0 km/h,"1,006.74 hPa","1,002.37 hPa",0.00 mm
7/3/2020,19.5 C,9.7 C,2.1 C,7.9 C,3.7 C,-4.8 C,99 %,69 %,47 %,42.3 km/h,9.7 km/h,0.0 km/h,"1,003.39 hPa",990.69 hPa,0.51 mm
7/4/2020,18.4 C,10.4 C,3.9 C,8.8 C,5.9 C,2.2 C,90 %,75 %,52 %,30.7 km/h,6.6 km/h,0.0 km/h,997.19 hPa,989.20 hPa,0.51 mm
7/5/2020,17.6 C,8.9 C,4.4 C,5.7 C,2.7 C,0.2 C,83 %,67 %,37 %,27.5 km/h,9.3 km/h,0.0 km/h,"1,007.08 hPa",997.19 hPa,0.51 mm
7/6/2020,13.7 C,7.8 C,-0.9 C,5.8 C,0.4 C,-7.7 C,85 %,60 %,43 %,14.2 km/h,4.0 km/h,0.0 km/h,"1,008.26 hPa","1,004.06 hPa",0.51 mm
7/7/2020,10.0 C,7.3 C,3.8 C,6.1 C,3.6 C,1.3 C,91 %,77 %,67 %,15.1 km/h,4.2 km/h,0.0 km/h,"1,005.99 hPa","1,003.39 hPa",0.51 mm
7/8/2020,15.9 C,5.4 C,-2.1 C,7.3 C,-0.7 C,-8.8 C,94 %,66 %,0 %,15.1 km/h,1.7 km/h,0.0 km/h,"1,006.27 hPa","1,000.75 hPa",0.51 mm
7/9/2020,17.0 C,7.3 C,-2.0 C,7.3 C,1.2 C,-8.7 C,99 %,66 %,46 %,30.7 km/h,5.7 km/h,0.0 km/h,"1,006.50 hPa",994.38 hPa,0.51 mm
7/10/2020,19.5 C,11.3 C,0.0 C,9.5 C,6.6 C,3.7 C,91 %,74 %,0 %,32.5 km/h,10.0 km/h,0.0 km/h,"1,001.02 hPa",989.20 hPa,0.51 mm
7/11/2020,20.0 C,9.8 C,1.9 C,4.5 C,-0.7 C,-6.7 C,85 %,54 %,17 %,20.0 km/h,3.3 km/h,0.0 km/h,"1,001.05 hPa",992.38 hPa,0.51 mm
7/12/2020,19.5 C,9.8 C,3.5 C,1.3 C,-1.8 C,-5.8 C,68 %,46 %,26 %,20.9 km/h,4.6 km/h,0.0 km/h,"1,002.51 hPa",993.26 hPa,0.51 mm
7/13/2020,16.5 C,7.1 C,1.0 C,2.8 C,-1.1 C,-5.9 C,82 %,58 %,34 %,23.3 km/h,6.2 km/h,0.0 km/h,"1,009.75 hPa","1,002.37 hPa",0.51 mm
7/14/2020,16.6 C,7.9 C,0.1 C,5.1 C,-0.8 C,-6.7 C,80 %,55 %,39 %,26.7 km/h,5.5 km/h,0.0 km/h,"1,010.26 hPa","1,003.86 hPa",0.51 mm
7/15/2020,16.3 C,8.8 C,2.5 C,3.4 C,1.1 C,-4.5 C,95 %,62 %,38 %,19.2 km/h,5.0 km/h,0.0 km/h,"1,005.18 hPa","1,001.19 hPa",0.51 mm
7/16/2020,23.3 C,16.7 C,9.8 C,15.1 C,3.2 C,0.8 C,70 %,44 %,24 %,10.9 km/h,2.2 km/h,0.0 km/h,"1,001.49 hPa",998.00 hPa,0.51 mm
7/17/2020,17.0 C,9.9 C,4.0 C,12.6 C,8.1 C,2.5 C,99 %,89 %,70 %,29.1 km/h,5.8 km/h,0.0 km/h,"1,000.75 hPa",989.37 hPa,0.51 mm
7/18/2020,17.9 C,13.5 C,10.8 C,17.7 C,13.4 C,10.6 C,99 %,99 %,99 %,23.3 km/h,4.2 km/h,0.0 km/h,992.18 hPa,988.05 hPa,0.51 mm
7/19/2020,15.2 C,13.7 C,12.2 C,15.1 C,13.5 C,12.1 C,99 %,99 %,99 %,20.9 km/h,8.5 km/h,0.0 km/h,995.70 hPa,990.48 hPa,0.51 mm
7/20/2020,14.5 C,11.8 C,10.1 C,14.3 C,11.6 C,9.9 C,99 %,99 %,98 %,22.5 km/h,8.5 km/h,0.0 km/h,996.75 hPa,994.24 hPa,0.51 mm
7/21/2020,14.8 C,12.5 C,11.0 C,14.4 C,12.4 C,10.8 C,99 %,99 %,97 %,23.3 km/h,9.1 km/h,0.0 km/h,998.07 hPa,993.06 hPa,0.51 mm
7/22/2020,15.5 C,12.4 C,10.3 C,11.8 C,10.4 C,7.6 C,99 %,89 %,74 %,26.7 km/h,11.3 km/h,0.0 km/h,"1,000.88 hPa",996.00 hPa,0.51 mm
7/23/2020,11.1 C,7.9 C,5.0 C,7.8 C,5.1 C,2.8 C,86 %,83 %,68 %,33.3 km/h,13.2 km/h,0.0 km/h,"1,002.88 hPa",998.17 hPa,0.51 mm
7/24/2020,19.4 C,6.4 C,-2.6 C,5.3 C,-0.8 C,-9.3 C,95 %,63 %,29 %,20.0 km/h,4.1 km/h,0.0 km/h,"1,006.37 hPa","1,000.75 hPa",0.00 mm
7/25/2020,19.0 C,9.1 C,-0.3 C,3.0 C,-2.0 C,-7.1 C,89 %,50 %,24 %,22.5 km/h,5.8 km/h,0.0 km/h,"1,007.69 hPa","1,001.69 hPa",0.00 mm
7/26/2020,19.3 C,11.4 C,3.6 C,3.8 C,1.5 C,0.1 C,87 %,54 %,32 %,41.5 km/h,11.4 km/h,0.0 km/h,"1,002.51 hPa",993.57 hPa,0.25 mm
7/27/2020,19.3 C,10.9 C,4.2 C,3.2 C,-0.5 C,-4.3 C,78 %,49 %,28 %,39.9 km/h,10.7 km/h,0.0 km/h,"1,009.25 hPa",996.38 hPa,0.25 mm
7/28/2020,18.5 C,8.3 C,0.5 C,-0.6 C,-3.7 C,-6.4 C,66 %,46 %,21 %,17.5 km/h,3.5 km/h,0.0 km/h,"1,011.99 hPa","1,008.26 hPa",0.00 mm
7/29/2020,16.7 C,7.3 C,-1.5 C,-1.1 C,-4.3 C,-8.3 C,67 %,46 %,26 %,26.7 km/h,6.1 km/h,0.0 km/h,"1,012.36 hPa","1,007.99 hPa",0.00 mm
7/30/2020,16.3 C,7.9 C,-1.6 C,2.6 C,-1.5 C,-8.4 C,78 %,53 %,37 %,31.5 km/h,9.0 km/h,0.0 km/h,"1,008.36 hPa","1,000.58 hPa",0.00 mm
7/31/2020,22.9 C,10.8 C,0.8 C,4.7 C,0.9 C,-6.1 C,92 %,55 %,26 %,19.2 km/h,4.1 km/h,0.0 km/h,"1,005.55 hPa","1,001.02 hPa",0.00 mm
8/1/2020,25.9 C,15.2 C,0.0 C,17.6 C,9.5 C,-1.8 C,88 %,70 %,0 %,24.9 km/h,4.8 km/h,0.0 km/h,"1,004.00 hPa",992.55 hPa,0.00 mm
8/2/2020,26.5 C,18.4 C,11.8 C,18.1 C,14.2 C,11.2 C,99 %,79 %,60 %,27.5 km/h,6.7 km/h,0.0 km/h,"1,003.25 hPa",994.51 hPa,0.00 mm
8/3/2020,30.6 C,21.0 C,13.3 C,21.9 C,15.5 C,11.2 C,94 %,73 %,48 %,31.5 km/h,8.4 km/h,0.0 km/h,"1,003.25 hPa",997.49 hPa,0.00 mm
8/4/2020,30.4 C,22.7 C,15.2 C,21.8 C,15.0 C,10.3 C,75 %,62 %,53 %,22.5 km/h,8.1 km/h,0.0 km/h,"1,000.24 hPa",994.55 hPa,0.00 mm
8/5/2020,34.8 C,24.2 C,15.7 C,25.9 C,16.5 C,11.7 C,80 %,63 %,52 %,32.5 km/h,11.1 km/h,0.0 km/h,998.24 hPa,990.99 hPa,0.00 mm
8/6/2020,17.8 C,15.2 C,10.8 C,12.7 C,3.5 C,-1.4 C,74 %,47 %,33 %,46.5 km/h,16.2 km/h,2.7 km/h,"1,009.38 hPa",998.24 hPa,0.00 mm
8/7/2020,17.4 C,11.5 C,7.8 C,9.6 C,5.5 C,0.9 C,83 %,67 %,52 %,22.5 km/h,8.4 km/h,0.0 km/h,"1,008.36 hPa","1,002.57 hPa",0.00 mm
8/8/2020,22.8 C,15.4 C,10.7 C,14.6 C,11.6 C,9.5 C,95 %,79 %,59 %,14.2 km/h,4.7 km/h,0.0 km/h,"1,005.86 hPa",999.70 hPa,0.00 mm
8/9/2020,25.9 C,16.3 C,0.0 C,17.6 C,12.7 C,8.6 C,99 %,81 %,0 %,29.9 km/h,5.4 km/h,0.0 km/h,"1,001.49 hPa",989.06 hPa,0.00 mm
8/10/2020,20.3 C,14.5 C,0.0 C,12.4 C,9.6 C,-7.8 C,85 %,60 %,0 %,29.1 km/h,4.0 km/h,0.0 km/h,"1,005.99 hPa",990.08 hPa,0.00 mm
8/11/2020,18.7 C,9.7 C,1.8 C,-3.1 C,-6.7 C,-10.4 C,50 %,24 %,0 %,22.5 km/h,5.8 km/h,0.0 km/h,"1,007.76 hPa","1,002.00 hPa",0.00 mm
8/12/2020,17.8 C,8.7 C,3.6 C,-2.9 C,-5.1 C,-6.9 C,56 %,31 %,0 %,20.9 km/h,2.9 km/h,0.0 km/h,"1,002.88 hPa",996.17 hPa,0.00 mm
8/17/2020,26.3 C,18.8 C,0.0 C,--,--,--,0 %,0 %,0 %,19.2 km/h,6.8 km/h,0.0 km/h,994.24 hPa,992.69 hPa,0.00 mm
8/18/2020,27.5 C,14.5 C,3.8 C,4.8 C,0.8 C,-1.3 C,84 %,23 %,0 %,29.9 km/h,7.3 km/h,0.0 km/h,"1,000.20 hPa",989.57 hPa,0.00 mm
8/19/2020,12.8 C,8.6 C,2.2 C,-1.9 C,-4.4 C,-8.9 C,50 %,28 %,0 %,31.5 km/h,10.9 km/h,0.0 km/h,"1,017.24 hPa","1,000.20 hPa",0.00 mm
8/20/2020,17.7 C,6.5 C,-2.5 C,-2.4 C,-8.1 C,-11.8 C,66 %,31 %,0 %,15.9 km/h,4.5 km/h,0.0 km/h,"1,020.01 hPa","1,014.36 hPa",0.00 mm
8/23/2020,22.6 C,19.2 C,15.0 C,--,--,--,0 %,0 %,0 %,33.3 km/h,11.9 km/h,0.0 km/h,994.68 hPa,991.37 hPa,0.00 mm
8/24/2020,28.5 C,18.0 C,0.0 C,13.3 C,6.0 C,2.1 C,85 %,20 %,0 %,28.3 km/h,8.8 km/h,0.0 km/h,"1,013.00 hPa",985.68 hPa,0.00 mm
8/25/2020,32.3 C,24.3 C,0.0 C,17.6 C,13.9 C,11.2 C,83 %,45 %,0 %,20.4 km/h,6.8 km/h,0.0 km/h,988.69 hPa,984.05 hPa,0.00 mm
8/26/2020,21.1 C,16.0 C,11.3 C,15.1 C,11.6 C,8.9 C,92 %,76 %,51 %,44.4 km/h,20.6 km/h,1.6 km/h,999.87 hPa,987.50 hPa,0.76 mm
8/27/2020,22.9 C,14.2 C,7.6 C,9.4 C,6.0 C,3.2 C,92 %,62 %,31 %,22.5 km/h,9.6 km/h,0.0 km/h,"1,001.69 hPa",997.05 hPa,0.00 mm
8/28/2020,27.6 C,15.6 C,5.6 C,16.4 C,9.5 C,1.5 C,89 %,68 %,49 %,17.5 km/h,4.9 km/h,0.0 km/h,999.56 hPa,990.55 hPa,0.00 mm
8/29/2020,17.2 C,15.3 C,11.7 C,15.5 C,8.4 C,3.7 C,91 %,65 %,47 %,40.7 km/h,14.6 km/h,0.0 km/h,"1,007.69 hPa",991.50 hPa,0.00 mm
8/30/2020,20.4 C,13.3 C,7.8 C,5.9 C,1.1 C,-3.6 C,64 %,46 %,22 %,20.4 km/h,8.8 km/h,0.0 km/h,"1,010.06 hPa","1,005.25 hPa",0.00 mm
8/31/2020,12.3 C,11.1 C,10.4 C,2.0 C,-0.2 C,-1.6 C,54 %,46 %,40 %,14.8 km/h,5.3 km/h,0.0 km/h,"1,013.99 hPa","1,008.57 hPa",0.00 mm
9/1/2020,10.4 C,9.1 C,8.3 C,7.2 C,4.7 C,1.2 C,93 %,57 %,0 %,15.1 km/h,8.9 km/h,1.6 km/h,"1,014.70 hPa","1,009.25 hPa",0.00 mm
9/2/2020,9.5 C,9.4 C,9.1 C,8.4 C,8.3 C,6.4 C,93 %,93 %,0 %,26.7 km/h,12.3 km/h,9.3 km/h,"1,009.25 hPa","1,001.25 hPa",0.00 mm
9/3/2020,18.5 C,10.9 C,7.1 C,11.3 C,8.5 C,6.7 C,99 %,86 %,61 %,21.7 km/h,9.7 km/h,9.3 km/h,"1,003.18 hPa",997.36 hPa,0.00 mm
9/4/2020,21.4 C,13.0 C,4.3 C,18.2 C,10.6 C,4.1 C,99 %,87 %,59 %,20.9 km/h,9.7 km/h,9.3 km/h,"1,002.07 hPa",997.26 hPa,0.00 mm
9/5/2020,23.6 C,12.6 C,9.1 C,20.3 C,10.5 C,7.3 C,95 %,88 %,52 %,16.7 km/h,9.5 km/h,9.3 km/h,"1,003.01 hPa",998.58 hPa,0.00 mm
9/6/2020,20.9 C,15.9 C,11.3 C,17.7 C,10.3 C,7.4 C,82 %,70 %,48 %,25.7 km/h,10.1 km/h,9.3 km/h,"1,008.20 hPa","1,004.27 hPa",0.00 mm
9/7/2020,22.8 C,13.9 C,8.1 C,19.6 C,10.5 C,5.4 C,84 %,80 %,59 %,16.7 km/h,9.6 km/h,9.3 km/h,"1,008.06 hPa","1,001.86 hPa",0.00 mm
9/11/2020,16.8 C,16.7 C,9.4 C,6.4 C,0.1 C,0.0 C,82 %,33 %,32 %,9.7 km/h,9.3 km/h,9.3 km/h,"1,009.25 hPa",999.39 hPa,0.00 mm
9/12/2020,9.4 C,9.4 C,9.4 C,6.4 C,6.4 C,6.4 C,82 %,82 %,82 %,9.7 km/h,9.7 km/h,9.7 km/h,"1,009.25 hPa","1,009.25 hPa",1.27 mm
9/13/2020,23.1 C,20.9 C,9.4 C,19.9 C,18.2 C,6.4 C,82 %,79 %,0 %,20.0 km/h,14.4 km/h,9.3 km/h,"1,009.25 hPa",998.75 hPa,1.30 mm
9/14/2020,24.8 C,16.9 C,9.2 C,21.5 C,7.1 C,-4.8 C,82 %,56 %,19 %,15.9 km/h,9.4 km/h,9.3 km/h,"1,013.58 hPa","1,006.74 hPa",0.00 mm
9/15/2020,22.9 C,14.1 C,5.9 C,19.7 C,5.6 C,-2.8 C,82 %,59 %,25 %,25.7 km/h,10.4 km/h,9.3 km/h,"1,007.01 hPa",996.00 hPa,0.00 mm
9/19/2020,9.4 C,9.4 C,9.4 C,6.4 C,6.4 C,6.4 C,82 %,82 %,82 %,9.7 km/h,9.7 km/h,9.7 km/h,"1,009.25 hPa","1,009.25 hPa",0.00 mm
9/20/2020,26.1 C,18.9 C,8.4 C,22.8 C,11.1 C,-2.3 C,82 %,64 %,25 %,16.7 km/h,9.5 km/h,9.3 km/h,"1,008.26 hPa","1,003.39 hPa",0.00 mm
9/21/2020,24.9 C,15.1 C,4.3 C,21.6 C,6.5 C,-4.6 C,82 %,61 %,20 %,24.9 km/h,10.1 km/h,9.3 km/h,"1,008.36 hPa","1,002.88 hPa",0.00 mm
9/22/2020,26.5 C,17.0 C,0.0 C,23.2 C,9.1 C,-2.6 C,82 %,62 %,0 %,31.5 km/h,11.5 km/h,9.3 km/h,"1,003.49 hPa",997.70 hPa,0.00 mm
9/23/2020,32.1 C,18.0 C,0.0 C,28.7 C,10.7 C,1.1 C,82 %,64 %,0 %,19.2 km/h,9.6 km/h,9.3 km/h,"1,009.25 hPa",998.17 hPa,0.00 mm
10/1/2020,18.5 C,13.9 C,9.4 C,6.4 C,1.4 C,-3.7 C,82 %,52 %,22 %,9.7 km/h,9.5 km/h,9.3 km/h,"1,009.25 hPa",994.89 hPa,0.00 mm
10/3/2020,15.8 C,14.7 C,0.0 C,6.4 C,-0.1 C,-1.3 C,82 %,36 %,0 %,20.0 km/h,9.5 km/h,9.3 km/h,"1,009.25 hPa","1,006.20 hPa",0.00 mm
10/11/2020,18.2 C,13.7 C,0.0 C,6.4 C,3.9 C,1.9 C,82 %,53 %,0 %,9.7 km/h,9.3 km/h,9.3 km/h,"1,009.25 hPa","1,000.75 hPa",1.50 mm
10/13/2020,31.6 C,18.0 C,9.4 C,28.2 C,11.5 C,4.9 C,82 %,67 %,0 %,15.9 km/h,9.4 km/h,9.3 km/h,"1,009.25 hPa",992.52 hPa,1.50 mm
10/14/2020,26.6 C,20.6 C,9.4 C,16.1 C,9.6 C,6.4 C,82 %,51 %,36 %,9.7 km/h,9.3 km/h,9.3 km/h,"1,009.25 hPa",994.75 hPa,0.00 mm
10/15/2020,29.3 C,20.1 C,9.4 C,15.5 C,12.6 C,6.4 C,82 %,64 %,34 %,20.1 km/h,9.4 km/h,9.3 km/h,"1,009.25 hPa","1,000.00 hPa",0.00 mm
10/18/2020,9.4 C,9.4 C,9.4 C,6.4 C,6.4 C,6.4 C,82 %,82 %,82 %,9.7 km/h,9.7 km/h,9.7 km/h,"1,009.25 hPa","1,009.25 hPa",0.00 mm
10/19/2020,21.4 C,15.4 C,9.4 C,12.2 C,9.3 C,6.4 C,82 %,69 %,55 %,35.7 km/h,14.1 km/h,9.3 km/h,"1,009.25 hPa",995.19 hPa,1.02 mm
10/20/2020,16.9 C,14.6 C,9.4 C,15.7 C,14.4 C,6.4 C,99 %,99 %,78 %,25.1 km/h,9.5 km/h,9.3 km/h,"1,009.25 hPa","1,001.02 hPa",48.62 mm
10/21/2020,15.8 C,13.2 C,9.4 C,14.6 C,12.2 C,6.4 C,99 %,94 %,82 %,15.9 km/h,9.4 km/h,9.3 km/h,"1,009.25 hPa","1,000.20 hPa",0.00 mm
10/22/2020,22.1 C,17.9 C,9.4 C,20.3 C,17.2 C,6.4 C,99 %,96 %,82 %,16.7 km/h,9.4 km/h,9.3 km/h,"1,009.25 hPa",996.99 hPa,0.00 mm
10/23/2020,26.0 C,20.2 C,9.4 C,22.0 C,19.0 C,6.4 C,99 %,93 %,76 %,14.3 km/h,9.3 km/h,9.3 km/h,"1,009.25 hPa",993.87 hPa,0.00 mm
10/24/2020,31.4 C,24.2 C,9.4 C,24.6 C,21.4 C,6.4 C,99 %,86 %,60 %,19.2 km/h,9.4 km/h,9.3 km/h,"1,009.25 hPa",988.25 hPa,0.00 mm
10/28/2020,9.4 C,9.4 C,9.4 C,6.4 C,6.4 C,6.4 C,82 %,82 %,82 %,9.7 km/h,9.7 km/h,9.7 km/h,"1,009.25 hPa","1,009.25 hPa",10.21 mm
10/29/2020,18.9 C,14.2 C,9.4 C,6.4 C,2.9 C,-0.1 C,82 %,47 %,28 %,9.7 km/h,9.4 km/h,9.3 km/h,"1,009.25 hPa","1,004.37 hPa",0.00 mm
10/30/2020,27.6 C,16.0 C,9.4 C,8.9 C,6.6 C,4.0 C,82 %,57 %,25 %,15.9 km/h,9.3 km/h,9.3 km/h,"1,010.26 hPa","1,005.18 hPa",0.00 mm
10/31/2020,30.1 C,18.9 C,9.4 C,10.2 C,6.1 C,1.7 C,83 %,49 %,18 %,18.3 km/h,9.4 km/h,9.3 km/h,"1,009.25 hPa","1,003.25 hPa",0.00 mm
11/1/2020,30.4 C,18.8 C,9.4 C,11.6 C,7.8 C,4.7 C,82 %,51 %,22 %,20.9 km/h,9.6 km/h,9.3 km/h,"1,009.25 hPa",999.49 hPa,0.00 mm
11/2/2020,9.4 C,9.4 C,9.4 C,6.4 C,6.4 C,6.4 C,82 %,82 %,82 %,9.7 km/h,9.7 km/h,9.7 km/h,"1,009.25 hPa","1,009.25 hPa",0.00 mm
11/4/2020,23.8 C,20.8 C,9.4 C,8.9 C,8.6 C,6.4 C,82 %,46 %,38 %,16.7 km/h,9.5 km/h,9.3 km/h,"1,009.25 hPa",996.17 hPa,0.00 mm
11/5/2020,31.3 C,23.0 C,9.4 C,10.9 C,8.6 C,5.6 C,82 %,43 %,23 %,22.5 km/h,9.4 km/h,9.3 km/h,"1,009.25 hPa",995.50 hPa,0.00 mm
11/8/2020,22.2 C,21.6 C,9.4 C,6.4 C,4.8 C,4.7 C,91 %,79 %,32 %,9.7 km/h,7.5 km/h,7.4 km/h,"1,013.51 hPa","1,009.25 hPa",1.30 mm
11/9/2020,31.3 C,25.3 C,9.4 C,16.0 C,15.1 C,6.4 C,90 %,56 %,37 %,19.2 km/h,9.4 km/h,9.3 km/h,"1,009.25 hPa",994.24 hPa,1.19 mm
11/10/2020,28.8 C,21.1 C,9.4 C,18.8 C,15.6 C,6.4 C,87 %,72 %,48 %,21.7 km/h,9.4 km/h,9.3 km/h,"1,009.25 hPa",995.70 hPa,0.30 mm
11/11/2020,35.0 C,24.2 C,9.4 C,17.3 C,15.0 C,6.4 C,91 %,61 %,31 %,18.3 km/h,9.4 km/h,9.3 km/h,"1,009.25 hPa",994.18 hPa,0.00 mm
11/12/2020,32.5 C,24.2 C,9.4 C,14.6 C,13.2 C,6.4 C,82 %,51 %,26 %,15.1 km/h,9.4 km/h,9.3 km/h,"1,009.25 hPa",992.75 hPa,0.00 mm
11/13/2020,35.3 C,26.4 C,9.4 C,16.3 C,11.4 C,6.4 C,82 %,42 %,23 %,20.1 km/h,9.5 km/h,9.3 km/h,"1,009.25 hPa",987.37 hPa,0.00 mm
11/14/2020,25.3 C,20.1 C,9.4 C,18.8 C,14.2 C,6.4 C,99 %,74 %,38 %,32.5 km/h,12.1 km/h,9.3 km/h,"1,009.25 hPa",986.86 hPa,21.84 mm
11/15/2020,21.6 C,20.3 C,9.4 C,12.7 C,12.0 C,6.4 C,85 %,79 %,57 %,9.7 km/h,9.4 km/h,9.3 km/h,"1,009.25 hPa",999.05 hPa,21.79 mm
11/16/2020,24.7 C,21.9 C,9.4 C,11.4 C,10.7 C,6.4 C,82 %,49 %,41 %,9.3 km/h,9.3 km/h,9.3 km/h,"1,009.25 hPa",994.38 hPa,0.00 mm
11/21/2020,9.4 C,9.4 C,9.4 C,6.4 C,6.4 C,6.4 C,82 %,48 %,33 %,9.7 km/h,9.7 km/h,9.7 km/h,"1,009.25 hPa","1,009.25 hPa",0.00 mm
11/22/2020,9.4 C,9.4 C,9.4 C,6.4 C,6.4 C,6.4 C,82 %,48 %,26 %,9.7 km/h,9.7 km/h,9.7 km/h,"1,009.25 hPa","1,009.25 hPa",0.00 mm
11/23/2020,38.1 C,33.5 C,9.4 C,13.2 C,12.0 C,6.4 C,82 %,30 %,21 %,29.1 km/h,11.1 km/h,9.3 km/h,"1,009.25 hPa",986.69 hPa,0.00 mm
11/24/2020,41.2 C,30.0 C,9.4 C,19.5 C,14.9 C,6.4 C,82 %,42 %,23 %,25.9 km/h,9.5 km/h,9.3 km/h,"1,009.25 hPa",983.88 hPa,0.00 mm
11/25/2020,27.0 C,22.7 C,9.4 C,19.3 C,18.0 C,6.4 C,85 %,76 %,59 %,29.1 km/h,10.3 km/h,9.3 km/h,"1,009.25 hPa",988.01 hPa,0.00 mm
11/26/2020,28.6 C,22.7 C,9.4 C,18.4 C,12.6 C,5.7 C,88 %,56 %,28 %,26.7 km/h,9.7 km/h,9.3 km/h,"1,009.25 hPa",992.25 hPa,0.00 mm
11/27/2020,35.2 C,26.4 C,9.4 C,18.8 C,14.4 C,6.4 C,82 %,50 %,30 %,24.1 km/h,9.5 km/h,9.3 km/h,"1,009.25 hPa",990.69 hPa,0.00 mm
11/28/2020,36.4 C,26.7 C,9.4 C,23.1 C,19.9 C,6.4 C,89 %,68 %,41 %,37.5 km/h,10.0 km/h,9.3 km/h,"1,009.25 hPa",990.38 hPa,0.00 mm
11/29/2020,34.6 C,22.2 C,9.4 C,22.5 C,19.1 C,6.4 C,99 %,86 %,44 %,27.5 km/h,9.4 km/h,9.3 km/h,"1,009.25 hPa",991.74 hPa,14.00 mm
11/30/2020,30.1 C,22.3 C,9.4 C,17.9 C,12.7 C,6.4 C,90 %,59 %,32 %,20.9 km/h,9.4 km/h,9.3 km/h,"1,009.25 hPa",997.19 hPa,0.00 mm
12/1/2020,34.9 C,25.9 C,9.4 C,19.6 C,14.4 C,6.4 C,82 %,50 %,33 %,15.9 km/h,9.4 km/h,9.3 km/h,"1,009.25 hPa",989.06 hPa,0.00 mm
12/2/2020,28.4 C,22.0 C,9.4 C,20.9 C,18.2 C,6.4 C,99 %,81 %,54 %,37.5 km/h,10.8 km/h,9.3 km/h,"1,009.25 hPa",987.37 hPa,35.31 mm
12/3/2020,34.6 C,24.2 C,9.4 C,20.1 C,14.9 C,6.4 C,99 %,63 %,20 %,29.1 km/h,9.5 km/h,9.3 km/h,"1,009.25 hPa",990.38 hPa,0.51 mm
12/4/2020,21.1 C,16.1 C,9.4 C,14.2 C,11.3 C,6.4 C,88 %,74 %,38 %,15.1 km/h,9.3 km/h,9.3 km/h,"1,009.25 hPa",999.70 hPa,5.11 mm
12/5/2020,30.2 C,19.9 C,9.4 C,10.9 C,8.1 C,5.3 C,83 %,50 %,23 %,14.3 km/h,9.3 km/h,9.3 km/h,"1,009.99 hPa","1,003.69 hPa",0.00 mm
12/6/2020,32.3 C,22.1 C,9.4 C,12.0 C,9.9 C,6.4 C,82 %,49 %,26 %,17.5 km/h,9.3 km/h,9.3 km/h,"1,009.25 hPa",998.38 hPa,0.00 mm
12/7/2020,32.1 C,23.9 C,9.4 C,14.6 C,11.3 C,6.4 C,82 %,47 %,30 %,20.1 km/h,9.4 km/h,9.3 km/h,"1,009.25 hPa",994.24 hPa,0.00 mm
12/8/2020,35.4 C,26.0 C,9.4 C,18.4 C,14.7 C,6.4 C,85 %,53 %,29 %,21.7 km/h,9.5 km/h,9.3 km/h,"1,009.25 hPa",993.74 hPa,0.00 mm
12/9/2020,36.8 C,27.9 C,9.4 C,18.9 C,16.5 C,6.4 C,87 %,53 %,29 %,22.5 km/h,9.5 km/h,9.3 km/h,"1,009.25 hPa",992.52 hPa,0.00 mm
12/10/2020,29.0 C,23.0 C,9.4 C,19.1 C,17.3 C,6.4 C,93 %,71 %,52 %,26.7 km/h,9.8 km/h,9.3 km/h,"1,009.25 hPa",991.57 hPa,0.00 mm
12/11/2020,31.0 C,26.3 C,9.4 C,15.1 C,4.5 C,1.2 C,82 %,26 %,17 %,43.3 km/h,11.7 km/h,9.3 km/h,"1,009.25 hPa",990.99 hPa,2.29 mm
12/12/2020,33.3 C,23.8 C,9.4 C,19.7 C,13.9 C,5.1 C,82 %,56 %,34 %,24.1 km/h,9.6 km/h,9.3 km/h,"1,009.25 hPa",983.37 hPa,1.02 mm
12/13/2020,21.6 C,19.2 C,9.4 C,18.3 C,15.2 C,6.4 C,86 %,77 %,26 %,34.1 km/h,11.4 km/h,9.3 km/h,"1,009.25 hPa",987.23 hPa,0.00 mm
12/14/2020,9.4 C,9.4 C,9.4 C,6.4 C,6.4 C,6.4 C,87 %,52 %,21 %,9.7 km/h,9.7 km/h,9.7 km/h,"1,009.25 hPa","1,009.25 hPa",0.00 mm
12/15/2020,9.4 C,9.4 C,9.4 C,6.4 C,6.4 C,6.4 C,82 %,60 %,33 %,9.7 km/h,9.7 km/h,9.7 km/h,"1,009.25 hPa","1,009.25 hPa",0.00 mm
12/16/2020,9.4 C,9.4 C,9.4 C,6.4 C,6.4 C,6.4 C,82 %,56 %,24 %,9.7 km/h,9.7 km/h,9.7 km/h,"1,009.25 hPa","1,009.25 hPa",0.00 mm
12/17/2020,35.5 C,19.4 C,9.4 C,11.8 C,8.5 C,6.4 C,82 %,51 %,24 %,9.7 km/h,9.4 km/h,9.3 km/h,"1,009.25 hPa",989.06 hPa,0.00 mm
12/18/2020,36.8 C,34.1 C,9.4 C,19.3 C,18.0 C,6.4 C,88 %,42 %,32 %,38.3 km/h,13.1 km/h,9.3 km/h,"1,009.25 hPa",976.36 hPa,14.22 mm
12/19/2020,28.7 C,24.7 C,9.4 C,18.9 C,12.0 C,6.4 C,87 %,47 %,34 %,35.7 km/h,11.1 km/h,9.3 km/h,"1,009.25 hPa",983.51 hPa,3.30 mm
12/20/2020,30.5 C,22.7 C,9.4 C,14.0 C,11.8 C,6.4 C,86 %,54 %,29 %,10.1 km/h,9.3 km/h,9.3 km/h,"1,009.25 hPa",994.07 hPa,0.00 mm
12/21/2020,32.7 C,24.1 C,9.4 C,15.2 C,11.9 C,6.4 C,82 %,49 %,28 %,14.3 km/h,9.3 km/h,9.3 km/h,"1,009.25 hPa",997.05 hPa,0.00 mm
12/22/2020,30.8 C,22.7 C,9.4 C,16.4 C,13.3 C,6.4 C,88 %,59 %,31 %,22.5 km/h,9.5 km/h,9.3 km/h,"1,009.25 hPa",993.06 hPa,0.00 mm
12/23/2020,34.1 C,26.1 C,9.4 C,15.8 C,12.2 C,6.4 C,82 %,45 %,23 %,21.7 km/h,9.4 km/h,9.3 km/h,"1,009.25 hPa",990.25 hPa,0.00 mm
12/24/2020,35.9 C,27.7 C,9.4 C,19.2 C,15.3 C,6.4 C,82 %,48 %,30 %,15.9 km/h,9.4 km/h,9.3 km/h,"1,009.25 hPa",988.49 hPa,0.00 mm
12/25/2020,38.1 C,26.2 C,9.4 C,21.0 C,18.4 C,6.4 C,91 %,65 %,34 %,30.9 km/h,9.5 km/h,9.3 km/h,"1,009.25 hPa",991.70 hPa,3.30 mm
12/26/2020,38.2 C,29.0 C,9.4 C,21.4 C,18.4 C,6.4 C,87 %,57 %,30 %,15.9 km/h,9.4 km/h,9.3 km/h,"1,009.25 hPa",990.38 hPa,0.00 mm
12/27/2020,36.3 C,28.6 C,9.4 C,22.0 C,19.2 C,6.4 C,86 %,59 %,37 %,35.7 km/h,9.5 km/h,9.3 km/h,"1,009.25 hPa",991.37 hPa,0.00 mm
12/28/2020,32.5 C,24.1 C,9.4 C,23.9 C,20.4 C,6.4 C,99 %,82 %,55 %,37.5 km/h,10.1 km/h,9.3 km/h,"1,009.25 hPa",990.89 hPa,19.30 mm
12/29/2020,37.3 C,26.9 C,9.4 C,23.3 C,20.3 C,6.4 C,99 %,71 %,41 %,13.4 km/h,9.3 km/h,9.3 km/h,"1,009.25 hPa",986.05 hPa,0.00 mm
12/30/2020,27.1 C,21.2 C,9.4 C,20.4 C,14.7 C,6.4 C,93 %,69 %,35 %,45.7 km/h,10.5 km/h,9.3 km/h,"1,009.25 hPa",985.68 hPa,7.62 mm
12/31/2020,31.9 C,22.1 C,9.4 C,13.6 C,9.9 C,6.4 C,83 %,49 %,24 %,14.3 km/h,9.3 km/h,9.3 km/h,"1,009.25 hPa",995.70 hPa,0.00 mm
1/1/2021,33.9 C,25.2 C,9.4 C,16.0 C,13.0 C,6.4 C,89 %,51 %,28 %,22.5 km/h,9.4 km/h,9.3 km/h,"1,009.25 hPa",994.68 hPa,0.00 mm
1/2/2021,36.2 C,28.3 C,9.4 C,17.8 C,13.5 C,6.4 C,82 %,42 %,25 %,23.3 km/h,9.4 km/h,9.3 km/h,"1,009.25 hPa",990.76 hPa,0.00 mm
1/3/2021,30.0 C,23.9 C,9.4 C,19.6 C,16.1 C,6.4 C,82 %,62 %,43 %,15.9 km/h,9.3 km/h,9.3 km/h,"1,009.25 hPa",992.08 hPa,0.00 mm
1/4/2021,35.1 C,26.2 C,9.4 C,18.8 C,16.5 C,6.4 C,83 %,58 %,30 %,9.7 km/h,9.3 km/h,9.3 km/h,"1,009.25 hPa",988.25 hPa,0.00 mm
1/5/2021,28.4 C,22.5 C,9.4 C,19.1 C,16.9 C,6.4 C,96 %,73 %,48 %,33.3 km/h,10.5 km/h,9.3 km/h,"1,009.25 hPa",990.99 hPa,1.02 mm
1/6/2021,29.3 C,22.3 C,9.4 C,16.7 C,13.1 C,6.3 C,94 %,61 %,25 %,21.7 km/h,9.5 km/h,9.3 km/h,"1,009.25 hPa",993.87 hPa,0.00 mm
1/7/2021,9.4 C,9.4 C,9.4 C,6.4 C,6.4 C,6.4 C,82 %,47 %,15 %,9.7 km/h,9.7 km/h,9.7 km/h,"1,009.25 hPa","1,009.25 hPa",0.00 mm
1/8/2021,9.4 C,9.4 C,9.4 C,6.4 C,6.4 C,6.4 C,88 %,51 %,23 %,9.7 km/h,9.7 km/h,9.7 km/h,"1,009.25 hPa","1,009.25 hPa",3.81 mm
1/9/2021,9.4 C,9.4 C,9.4 C,6.4 C,6.4 C,6.4 C,90 %,71 %,40 %,9.7 km/h,9.6 km/h,9.3 km/h,"1,009.25 hPa",991.26 hPa,4.83 mm
1/10/2021,--,--,--,--,--,--,99 %,76 %,43 %,--,--,--,--,--,--
1/11/2021,9.4 C,9.4 C,9.4 C,6.4 C,6.4 C,6.4 C,99 %,85 %,78 %,9.7 km/h,9.7 km/h,9.7 km/h,"1,009.25 hPa","1,009.25 hPa",29.79 mm
1/12/2021,9.4 C,9.4 C,9.4 C,6.4 C,6.4 C,6.4 C,82 %,82 %,82 %,9.7 km/h,9.7 km/h,9.7 km/h,"1,009.25 hPa","1,009.25 hPa",0.00 mm
1/13/2021,9.4 C,9.4 C,9.4 C,6.4 C,6.4 C,6.4 C,82 %,82 %,82 %,9.7 km/h,9.7 km/h,9.7 km/h,"1,009.25 hPa","1,009.25 hPa",0.00 mm
1/14/2021,9.4 C,9.4 C,9.4 C,6.4 C,6.4 C,6.4 C,82 %,82 %,82 %,9.7 km/h,9.7 km/h,9.7 km/h,"1,009.25 hPa","1,009.25 hPa",0.25 mm
1/15/2021,18.4 C,11.2 C,9.4 C,18.2 C,8.9 C,6.4 C,99 %,79 %,57 %,9.7 km/h,9.6 km/h,9.3 km/h,"1,009.25 hPa",987.23 hPa,35.41 mm
1/16/2021,25.9 C,21.9 C,9.4 C,23.0 C,17.2 C,6.4 C,99 %,77 %,53 %,29.9 km/h,10.0 km/h,9.3 km/h,"1,009.25 hPa",988.69 hPa,2.64 mm
1/17/2021,29.9 C,21.6 C,9.4 C,13.4 C,11.5 C,6.4 C,84 %,56 %,32 %,19.2 km/h,9.4 km/h,9.3 km/h,"1,009.25 hPa",995.73 hPa,0.00 mm
1/18/2021,34.4 C,23.4 C,9.4 C,16.1 C,12.8 C,6.4 C,88 %,56 %,27 %,9.7 km/h,9.3 km/h,9.3 km/h,"1,009.25 hPa",996.24 hPa,0.00 mm
1/19/2021,34.8 C,24.6 C,9.4 C,17.8 C,13.8 C,6.4 C,87 %,55 %,29 %,9.7 km/h,9.3 km/h,9.3 km/h,"1,009.25 hPa",996.51 hPa,0.00 mm
1/20/2021,35.7 C,26.0 C,9.4 C,18.9 C,14.7 C,6.4 C,85 %,54 %,28 %,19.2 km/h,9.3 km/h,9.3 km/h,"1,009.25 hPa",996.55 hPa,0.00 mm
1/21/2021,36.4 C,26.4 C,9.4 C,19.8 C,16.0 C,6.4 C,83 %,56 %,30 %,13.4 km/h,9.3 km/h,9.3 km/h,"1,009.25 hPa",997.26 hPa,0.00 mm
1/22/2021,35.3 C,27.8 C,9.4 C,23.3 C,20.0 C,6.4 C,82 %,63 %,47 %,15.9 km/h,9.3 km/h,9.3 km/h,"1,009.25 hPa",996.68 hPa,0.00 mm
1/23/2021,36.9 C,29.4 C,9.4 C,24.3 C,21.5 C,6.4 C,87 %,64 %,42 %,17.5 km/h,9.3 km/h,9.3 km/h,"1,009.25 hPa",991.37 hPa,0.00 mm
1/24/2021,38.5 C,29.3 C,9.4 C,26.4 C,22.0 C,6.4 C,89 %,67 %,36 %,15.1 km/h,9.3 km/h,9.3 km/h,"1,009.25 hPa",988.18 hPa,0.00 mm
1/25/2021,37.6 C,27.6 C,9.4 C,26.4 C,22.5 C,6.4 C,99 %,76 %,45 %,22.5 km/h,9.6 km/h,9.3 km/h,"1,009.25 hPa",983.88 hPa,22.07 mm
1/26/2021,33.0 C,25.5 C,9.4 C,25.1 C,22.5 C,6.4 C,99 %,85 %,62 %,29.9 km/h,9.4 km/h,9.3 km/h,"1,009.25 hPa",985.24 hPa,4.32 mm
1/27/2021,37.1 C,25.3 C,9.4 C,26.1 C,21.9 C,6.4 C,95 %,83 %,49 %,9.7 km/h,9.3 km/h,9.3 km/h,"1,009.25 hPa",988.86 hPa,0.00 mm
1/28/2021,--,--,--,--,--,--,99 %,75 %,54 %,--,--,--,--,--,--
1/29/2021,23.7 C,22.0 C,9.4 C,20.8 C,20.3 C,6.4 C,99 %,89 %,72 %,9.7 km/h,9.3 km/h,9.3 km/h,"1,009.25 hPa",986.25 hPa,43.99 mm
1/30/2021,25.5 C,20.8 C,9.4 C,21.4 C,19.6 C,6.4 C,99 %,93 %,76 %,39.1 km/h,10.4 km/h,9.3 km/h,"1,009.25 hPa",983.68 hPa,35.00 mm
1/31/2021,19.4 C,17.6 C,9.4 C,17.8 C,16.4 C,6.4 C,99 %,93 %,82 %,16.7 km/h,9.3 km/h,9.3 km/h,"1,009.25 hPa",995.26 hPa,5.13 mm
2/1/2021,25.4 C,19.8 C,9.4 C,20.2 C,17.8 C,6.4 C,99 %,89 %,70 %,19.2 km/h,9.4 km/h,9.3 km/h,"1,009.25 hPa",994.07 hPa,1.52 mm
2/2/2021,25.5 C,20.1 C,9.4 C,19.4 C,17.9 C,6.4 C,99 %,88 %,66 %,20.9 km/h,9.4 km/h,9.3 km/h,"1,009.25 hPa",995.36 hPa,0.25 mm
2/3/2021,29.3 C,22.5 C,9.4 C,20.1 C,17.9 C,6.4 C,99 %,78 %,50 %,19.2 km/h,9.4 km/h,9.3 km/h,"1,009.25 hPa",996.99 hPa,0.25 mm
2/4/2021,32.5 C,23.0 C,9.4 C,18.6 C,16.0 C,6.4 C,95 %,69 %,39 %,9.7 km/h,9.3 km/h,9.3 km/h,"1,009.25 hPa","1,000.00 hPa",0.00 mm
2/5/2021,33.8 C,24.1 C,9.4 C,19.3 C,16.5 C,6.4 C,99 %,67 %,34 %,9.7 km/h,9.3 km/h,9.3 km/h,"1,009.25 hPa",995.19 hPa,0.00 mm
2/6/2021,33.8 C,24.5 C,9.4 C,21.4 C,16.3 C,6.4 C,91 %,63 %,35 %,15.9 km/h,9.3 km/h,9.3 km/h,"1,009.25 hPa",994.51 hPa,0.00 mm
2/7/2021,33.9 C,25.4 C,9.4 C,20.4 C,17.7 C,6.4 C,91 %,65 %,41 %,15.9 km/h,9.3 km/h,9.3 km/h,"1,009.25 hPa",994.18 hPa,0.00 mm
2/8/2021,28.5 C,22.0 C,9.4 C,22.0 C,17.9 C,6.4 C,89 %,78 %,61 %,26.7 km/h,9.5 km/h,9.3 km/h,"1,009.25 hPa",995.73 hPa,0.00 mm
2/9/2021,27.4 C,21.3 C,9.4 C,20.7 C,18.1 C,6.4 C,93 %,82 %,59 %,20.9 km/h,9.4 km/h,9.3 km/h,"1,009.25 hPa","1,000.37 hPa",0.00 mm
2/10/2021,31.4 C,23.1 C,9.4 C,20.0 C,16.9 C,6.4 C,91 %,71 %,42 %,17.5 km/h,9.3 km/h,9.3 km/h,"1,009.25 hPa",996.99 hPa,0.00 mm
2/11/2021,35.0 C,23.9 C,9.4 C,21.0 C,17.0 C,6.4 C,96 %,69 %,36 %,10.9 km/h,9.3 km/h,9.3 km/h,"1,009.25 hPa",993.06 hPa,0.00 mm
2/12/2021,35.7 C,24.2 C,9.4 C,24.2 C,19.2 C,6.4 C,92 %,76 %,41 %,15.9 km/h,9.3 km/h,9.3 km/h,"1,009.25 hPa",991.87 hPa,12.95 mm
2/13/2021,33.5 C,24.7 C,9.4 C,21.6 C,18.9 C,6.4 C,99 %,74 %,42 %,35.7 km/h,9.5 km/h,9.3 km/h,"1,009.25 hPa",988.01 hPa,14.48 mm
2/14/2021,36.1 C,25.1 C,9.4 C,22.8 C,19.4 C,6.4 C,99 %,75 %,38 %,11.7 km/h,9.3 km/h,9.3 km/h,"1,009.25 hPa",988.86 hPa,0.30 mm
2/15/2021,31.1 C,23.7 C,9.4 C,23.4 C,20.1 C,6.4 C,98 %,82 %,60 %,18.3 km/h,9.4 km/h,9.3 km/h,"1,009.25 hPa",991.70 hPa,0.00 mm
2/16/2021,30.8 C,21.2 C,9.4 C,19.7 C,18.0 C,6.4 C,99 %,83 %,45 %,13.4 km/h,9.3 km/h,9.3 km/h,"1,009.25 hPa",996.17 hPa,0.00 mm
2/17/2021,--,--,--,--,--,--,96 %,61 %,25 %,--,--,--,--,--,--
2/18/2021,33.9 C,27.6 C,9.4 C,15.2 C,13.9 C,6.4 C,96 %,48 %,26 %,15.1 km/h,9.3 km/h,9.3 km/h,"1,009.25 hPa",990.48 hPa,0.00 mm
2/19/2021,31.2 C,23.6 C,9.4 C,21.7 C,17.2 C,6.4 C,99 %,70 %,44 %,23.3 km/h,9.6 km/h,9.3 km/h,"1,009.25 hPa",991.87 hPa,16.00 mm
2/20/2021,31.2 C,23.3 C,9.4 C,20.3 C,17.2 C,6.4 C,94 %,71 %,50 %,18.3 km/h,9.4 km/h,9.3 km/h,"1,009.25 hPa",994.75 hPa,0.00 mm
2/21/2021,32.0 C,25.6 C,9.4 C,22.7 C,20.2 C,6.4 C,86 %,73 %,51 %,19.2 km/h,9.5 km/h,9.3 km/h,"1,009.25 hPa",992.55 hPa,0.00 mm
2/22/2021,37.8 C,27.4 C,9.4 C,25.0 C,22.3 C,6.4 C,99 %,76 %,45 %,18.3 km/h,9.5 km/h,9.3 km/h,"1,009.25 hPa",990.55 hPa,0.00 mm
2/23/2021,26.2 C,21.4 C,9.4 C,22.4 C,19.4 C,6.4 C,99 %,89 %,75 %,23.3 km/h,9.8 km/h,9.3 km/h,"1,009.14 hPa",993.91 hPa,24.38 mm
2/24/2021,34.9 C,24.4 C,9.4 C,19.6 C,17.2 C,6.4 C,98 %,69 %,33 %,15.9 km/h,9.3 km/h,9.3 km/h,"1,009.25 hPa",995.36 hPa,0.00 mm
2/25/2021,33.7 C,25.4 C,9.4 C,21.7 C,18.8 C,6.4 C,99 %,70 %,46 %,18.3 km/h,9.4 km/h,9.3 km/h,"1,009.25 hPa",993.50 hPa,0.00 mm
2/26/2021,33.5 C,25.7 C,9.4 C,20.9 C,18.2 C,6.4 C,97 %,66 %,40 %,18.3 km/h,9.5 km/h,9.3 km/h,"1,009.25 hPa",992.89 hPa,0.00 mm
2/27/2021,36.2 C,25.8 C,9.4 C,23.0 C,17.9 C,6.4 C,89 %,65 %,40 %,10.9 km/h,9.3 km/h,9.3 km/h,"1,009.25 hPa",995.50 hPa,0.00 mm
2/28/2021,--,--,--,--,--,--,94 %,74 %,53 %,--,--,--,--,--,--
3/1/2021,--,--,--,--,--,--,96 %,78 %,55 %,--,--,--,--,--,--
3/2/2021,--,--,--,--,--,--,91 %,70 %,36 %,--,--,--,--,--,--
3/3/2021,9.4 C,9.4 C,9.4 C,6.4 C,6.4 C,6.4 C,89 %,78 %,45 %,9.7 km/h,9.7 km/h,9.7 km/h,"1,009.25 hPa","1,009.25 hPa",0.00 mm
3/4/2021,23.4 C,20.6 C,9.4 C,21.7 C,18.4 C,6.4 C,98 %,83 %,50 %,10.1 km/h,3.7 km/h,0.0 km/h,"1,009.25 hPa",995.87 hPa,0.00 mm
3/5/2021,32.9 C,24.7 C,19.7 C,23.9 C,20.6 C,19.3 C,99 %,79 %,45 %,16.7 km/h,2.7 km/h,0.0 km/h,997.77 hPa,993.70 hPa,0.00 mm
3/6/2021,34.3 C,25.4 C,18.5 C,22.7 C,19.3 C,16.5 C,89 %,71 %,46 %,17.5 km/h,2.5 km/h,0.0 km/h,996.38 hPa,992.89 hPa,0.00 mm
3/7/2021,32.2 C,24.3 C,16.7 C,20.8 C,17.4 C,13.6 C,84 %,68 %,49 %,17.5 km/h,0.5 km/h,0.0 km/h,996.24 hPa,991.20 hPa,0.00 mm
3/8/2021,34.2 C,24.4 C,18.0 C,21.4 C,17.6 C,15.1 C,89 %,68 %,38 %,26.7 km/h,3.5 km/h,0.0 km/h,"1,001.05 hPa",993.26 hPa,0.00 mm
3/9/2021,35.6 C,25.7 C,16.9 C,20.6 C,17.3 C,15.2 C,90 %,64 %,37 %,15.1 km/h,1.2 km/h,0.0 km/h,999.87 hPa,994.75 hPa,0.00 mm
3/10/2021,34.3 C,25.5 C,9.4 C,19.1 C,16.3 C,6.4 C,95 %,61 %,33 %,25.9 km/h,5.2 km/h,0.0 km/h,996.00 hPa,989.06 hPa,0.00 mm
3/11/2021,35.4 C,24.5 C,18.0 C,23.2 C,17.4 C,15.1 C,93 %,67 %,36 %,17.5 km/h,2.9 km/h,0.0 km/h,997.26 hPa,990.69 hPa,0.00 mm
3/12/2021,24.1 C,20.2 C,9.4 C,21.9 C,18.5 C,6.4 C,99 %,90 %,76 %,11.1 km/h,1.1 km/h,0.0 km/h,"1,009.25 hPa",995.56 hPa,5.11 mm
3/13/2021,33.0 C,23.1 C,17.1 C,23.0 C,19.1 C,16.9 C,99 %,81 %,46 %,13.0 km/h,0.9 km/h,0.0 km/h,"1,000.07 hPa",996.07 hPa,2.06 mm
3/14/2021,28.6 C,23.3 C,20.9 C,24.2 C,20.3 C,17.9 C,99 %,84 %,68 %,19.2 km/h,3.4 km/h,0.0 km/h,"1,000.88 hPa",996.99 hPa,3.56 mm
3/15/2021,23.8 C,20.5 C,17.3 C,21.2 C,19.3 C,17.1 C,99 %,93 %,82 %,20.9 km/h,4.3 km/h,0.0 km/h,998.58 hPa,992.69 hPa,1.52 mm
3/16/2021,29.7 C,23.1 C,17.2 C,21.4 C,17.6 C,15.5 C,99 %,73 %,57 %,29.9 km/h,10.5 km/h,0.0 km/h,995.06 hPa,990.18 hPa,29.31 mm
3/17/2021,21.9 C,18.1 C,0.3 C,17.6 C,15.7 C,14.0 C,99 %,87 %,0 %,27.8 km/h,9.5 km/h,0.0 km/h,"1,005.76 hPa",995.06 hPa,0.00 mm
3/18/2021,23.4 C,16.9 C,12.1 C,14.9 C,13.1 C,11.2 C,96 %,80 %,55 %,13.0 km/h,1.0 km/h,0.0 km/h,"1,005.69 hPa",999.05 hPa,0.00 mm
3/19/2021,24.8 C,18.0 C,11.5 C,16.7 C,13.2 C,9.7 C,91 %,75 %,54 %,11.1 km/h,1.0 km/h,0.0 km/h,"1,001.39 hPa",993.74 hPa,0.00 mm
3/20/2021,23.9 C,19.8 C,15.4 C,18.4 C,16.3 C,14.1 C,95 %,81 %,66 %,35.2 km/h,4.9 km/h,0.0 km/h,"1,003.39 hPa",994.01 hPa,0.00 mm
3/22/2021,31.1 C,24.3 C,16.9 C,17.9 C,15.7 C,10.5 C,99 %,63 %,38 %,11.7 km/h,0.2 km/h,0.0 km/h,"1,003.86 hPa","1,000.51 hPa",0.00 mm
3/23/2021,29.5 C,20.5 C,13.3 C,20.9 C,16.0 C,13.1 C,99 %,80 %,40 %,16.7 km/h,1.6 km/h,0.0 km/h,"1,002.88 hPa",996.07 hPa,0.00 mm
3/24/2021,28.8 C,22.8 C,17.5 C,23.0 C,20.1 C,16.1 C,99 %,85 %,70 %,15.1 km/h,2.7 km/h,0.0 km/h,997.56 hPa,993.36 hPa,0.00 mm
3/25/2021,28.6 C,22.4 C,20.2 C,24.2 C,21.6 C,20.1 C,99 %,96 %,73 %,20.4 km/h,3.7 km/h,0.0 km/h,995.70 hPa,991.26 hPa,51.31 mm
3/26/2021,21.2 C,18.6 C,15.5 C,21.1 C,18.0 C,15.0 C,99 %,97 %,88 %,27.8 km/h,10.4 km/h,0.0 km/h,"1,001.19 hPa",992.99 hPa,0.51 mm
3/27/2021,25.0 C,17.0 C,11.0 C,15.2 C,12.1 C,8.2 C,99 %,76 %,46 %,29.6 km/h,4.8 km/h,0.0 km/h,"1,002.00 hPa",998.88 hPa,0.00 mm
3/28/2021,26.0 C,18.8 C,10.0 C,16.6 C,13.6 C,9.6 C,98 %,74 %,55 %,16.7 km/h,0.7 km/h,0.0 km/h,"1,001.39 hPa",999.70 hPa,0.00 mm
3/29/2021,24.5 C,24.4 C,0.0 C,15.7 C,15.7 C,15.7 C,93 %,58 %,0 %,0.0 km/h,0.0 km/h,0.0 km/h,999.70 hPa,999.70 hPa,0.00 mm
3/30/2021,--,--,--,--,--,--,95 %,77 %,41 %,--,--,--,--,--,--
3/31/2021,--,--,--,--,--,--,99 %,77 %,43 %,--,--,--,--,--,--
4/1/2021,--,--,--,--,--,--,84 %,71 %,46 %,--,--,--,--,--,--
4/2/2021,--,--,--,--,--,--,79 %,61 %,44 %,--,--,--,--,--,--
4/3/2021,--,--,--,--,--,--,87 %,66 %,43 %,--,--,--,--,--,--
4/4/2021,26.2 C,22.8 C,21.4 C,18.1 C,16.9 C,16.3 C,87 %,68 %,47 %,5.6 km/h,0.1 km/h,0.0 km/h,999.76 hPa,994.99 hPa,0.00 mm
4/5/2021,28.7 C,21.3 C,17.3 C,22.8 C,18.3 C,15.7 C,99 %,83 %,63 %,19.2 km/h,1.3 km/h,0.0 km/h,998.38 hPa,995.19 hPa,0.00 mm
4/6/2021,28.3 C,21.0 C,15.0 C,22.2 C,18.7 C,14.8 C,99 %,88 %,64 %,17.5 km/h,1.0 km/h,0.0 km/h,"1,000.37 hPa",996.17 hPa,0.00 mm
4/7/2021,28.6 C,23.0 C,17.2 C,24.1 C,20.7 C,17.1 C,99 %,88 %,70 %,24.1 km/h,2.2 km/h,0.0 km/h,997.49 hPa,993.36 hPa,0.00 mm
4/8/2021,32.9 C,26.1 C,21.2 C,25.4 C,23.0 C,20.6 C,99 %,84 %,64 %,29.6 km/h,4.7 km/h,0.0 km/h,994.75 hPa,988.55 hPa,0.00 mm
4/9/2021,25.4 C,20.8 C,19.3 C,24.9 C,20.6 C,19.1 C,99 %,99 %,91 %,20.9 km/h,3.2 km/h,0.0 km/h,996.38 hPa,992.18 hPa,22.05 mm
4/10/2021,22.7 C,19.2 C,14.6 C,22.6 C,18.8 C,13.0 C,99 %,98 %,88 %,46.3 km/h,7.3 km/h,0.0 km/h,997.70 hPa,989.74 hPa,14.99 mm
4/11/2021,24.9 C,16.8 C,11.2 C,13.8 C,11.9 C,10.6 C,99 %,76 %,43 %,41.5 km/h,4.2 km/h,0.0 km/h,"1,004.88 hPa",996.99 hPa,1.52 mm
4/12/2021,26.0 C,17.0 C,9.3 C,15.8 C,12.2 C,9.1 C,99 %,77 %,40 %,7.6 km/h,0.2 km/h,0.0 km/h,"1,005.76 hPa","1,001.86 hPa",0.00 mm
4/13/2021,26.7 C,18.3 C,11.2 C,17.6 C,13.9 C,10.9 C,99 %,79 %,49 %,20.9 km/h,0.3 km/h,0.0 km/h,"1,005.49 hPa","1,001.86 hPa",0.00 mm
4/14/2021,27.2 C,22.7 C,17.6 C,17.6 C,15.9 C,13.8 C,85 %,66 %,52 %,10.1 km/h,0.4 km/h,0.0 km/h,"1,002.00 hPa",994.51 hPa,0.00 mm
4/15/2021,35.1 C,21.8 C,9.4 C,21.1 C,17.1 C,6.4 C,99 %,78 %,41 %,9.3 km/h,0.0 km/h,0.0 km/h,997.49 hPa,993.57 hPa,0.00 mm
4/16/2021,32.0 C,23.5 C,16.5 C,24.3 C,19.7 C,16.3 C,99 %,82 %,52 %,2.7 km/h,0.0 km/h,0.0 km/h,998.24 hPa,995.26 hPa,0.00 mm
4/17/2021,31.4 C,23.3 C,17.4 C,23.8 C,19.6 C,16.9 C,99 %,82 %,52 %,7.6 km/h,0.1 km/h,0.0 km/h,"1,000.37 hPa",996.75 hPa,0.00 mm
4/18/2021,30.0 C,22.6 C,16.8 C,22.6 C,18.7 C,15.9 C,99 %,80 %,52 %,16.7 km/h,0.5 km/h,0.0 km/h,"1,000.37 hPa",996.75 hPa,0.00 mm
4/19/2021,29.8 C,26.1 C,18.1 C,20.9 C,19.4 C,16.8 C,94 %,68 %,53 %,16.7 km/h,1.1 km/h,0.0 km/h,"1,000.37 hPa",996.68 hPa,0.00 mm
4/20/2021,29.9 C,22.9 C,16.9 C,21.6 C,18.2 C,16.1 C,99 %,76 %,54 %,16.7 km/h,1.1 km/h,0.0 km/h,999.19 hPa,994.07 hPa,0.00 mm
4/21/2021,24.7 C,19.0 C,15.8 C,22.9 C,17.8 C,15.6 C,99 %,93 %,76 %,29.9 km/h,1.9 km/h,0.0 km/h,996.89 hPa,992.08 hPa,15.75 mm
4/22/2021,15.8 C,15.8 C,15.8 C,15.6 C,15.6 C,15.6 C,99 %,99 %,99 %,1.9 km/h,1.9 km/h,1.6 km/h,996.38 hPa,996.38 hPa,0.00 mm
4/23/2021,15.8 C,15.8 C,15.8 C,15.6 C,15.6 C,15.6 C,99 %,99 %,99 %,1.9 km/h,1.9 km/h,1.6 km/h,996.38 hPa,996.38 hPa,0.00 mm
4/24/2021,25.9 C,18.4 C,14.3 C,18.7 C,15.2 C,10.3 C,99 %,83 %,58 %,9.3 km/h,1.4 km/h,0.0 km/h,"1,004.74 hPa",996.38 hPa,0.00 mm
4/25/2021,26.1 C,16.4 C,8.3 C,11.4 C,8.9 C,7.1 C,95 %,64 %,35 %,0.0 km/h,0.0 km/h,0.0 km/h,"1,007.25 hPa","1,002.51 hPa",0.00 mm
4/26/2021,26.1 C,16.1 C,8.4 C,14.7 C,10.8 C,6.4 C,99 %,73 %,45 %,9.7 km/h,0.1 km/h,0.0 km/h,"1,009.25 hPa",995.56 hPa,0.00 mm
4/27/2021,25.4 C,17.2 C,12.3 C,14.2 C,11.8 C,10.0 C,88 %,72 %,45 %,9.3 km/h,0.5 km/h,0.0 km/h,"1,003.76 hPa","1,000.24 hPa",0.00 mm
4/29/2021,--,--,--,--,--,--,99 %,84 %,47 %,--,--,--,--,--,--
4/30/2021,--,--,--,--,--,--,71 %,56 %,47 %,--,--,--,--,--,--
5/1/2021,25.8 C,21.5 C,18.9 C,16.2 C,15.4 C,14.6 C,84 %,63 %,43 %,0.0 km/h,0.0 km/h,0.0 km/h,995.70 hPa,993.50 hPa,0.00 mm
5/2/2021,31.0 C,21.8 C,14.0 C,23.9 C,17.9 C,13.8 C,99 %,77 %,50 %,3.2 km/h,0.3 km/h,0.0 km/h,996.38 hPa,990.89 hPa,0.00 mm
5/3/2021,32.2 C,24.2 C,19.6 C,23.4 C,19.5 C,13.8 C,98 %,77 %,58 %,22.5 km/h,0.7 km/h,0.0 km/h,999.19 hPa,988.18 hPa,0.00 mm
5/4/2021,19.6 C,14.1 C,9.3 C,13.8 C,6.6 C,2.7 C,79 %,59 %,46 %,24.1 km/h,2.8 km/h,0.0 km/h,"1,013.51 hPa",999.26 hPa,1.02 mm
5/5/2021,14.3 C,9.8 C,7.8 C,10.1 C,8.2 C,5.7 C,99 %,91 %,69 %,0.0 km/h,0.0 km/h,0.0 km/h,"1,013.58 hPa","1,009.18 hPa",3.05 mm
5/6/2021,24.0 C,13.0 C,5.5 C,10.4 C,7.1 C,4.8 C,99 %,73 %,31 %,0.0 km/h,0.0 km/h,0.0 km/h,"1,012.19 hPa","1,007.18 hPa",0.00 mm
5/7/2021,18.3 C,10.7 C,5.6 C,10.5 C,6.8 C,4.7 C,99 %,80 %,45 %,1.6 km/h,0.0 km/h,0.0 km/h,"1,009.18 hPa","1,006.20 hPa",0.00 mm
5/8/2021,20.5 C,12.0 C,5.0 C,11.1 C,8.0 C,4.8 C,99 %,79 %,48 %,3.2 km/h,0.2 km/h,0.0 km/h,"1,007.76 hPa","1,002.74 hPa",0.00 mm
5/9/2021,23.9 C,13.9 C,5.4 C,13.3 C,9.4 C,4.9 C,99 %,77 %,47 %,0.0 km/h,0.0 km/h,0.0 km/h,"1,005.55 hPa","1,001.39 hPa",0.00 mm
5/20/2021,15.9 C,14.9 C,14.1 C,15.2 C,13.8 C,12.2 C,99 %,93 %,84 %,3.7 km/h,0.0 km/h,0.0 km/h,995.36 hPa,991.37 hPa,0.51 mm
5/21/2021,15.4 C,15.4 C,15.4 C,15.2 C,15.2 C,15.2 C,99 %,99 %,87 %,0.0 km/h,0.0 km/h,0.0 km/h,992.69 hPa,992.69 hPa,0.00 mm
5/22/2021,--,--,--,--,--,--,94 %,65 %,34 %,--,--,--,--,--,--
5/23/2021,--,--,--,--,--,--,82 %,62 %,31 %,--,--,--,--,--,--
5/24/2021,--,--,--,--,--,--,84 %,58 %,27 %,--,--,--,--,--,--
5/25/2021,24.3 C,17.2 C,8.7 C,7.5 C,5.9 C,4.6 C,85 %,52 %,31 %,9.3 km/h,0.2 km/h,0.0 km/h,"1,003.56 hPa","1,001.39 hPa",0.00 mm
5/26/2021,25.8 C,14.3 C,5.2 C,12.4 C,8.2 C,3.8 C,99 %,70 %,37 %,20.9 km/h,0.7 km/h,0.0 km/h,"1,003.25 hPa",996.55 hPa,0.00 mm
5/27/2021,25.7 C,15.3 C,5.1 C,13.2 C,9.9 C,4.9 C,99 %,74 %,40 %,19.2 km/h,1.2 km/h,0.0 km/h,998.68 hPa,985.68 hPa,0.00 mm
5/28/2021,24.3 C,17.1 C,11.2 C,12.8 C,10.4 C,5.2 C,89 %,67 %,42 %,20.4 km/h,1.5 km/h,0.0 km/h,991.20 hPa,982.56 hPa,0.00 mm
5/29/2021,20.8 C,12.5 C,9.4 C,2.8 C,0.9 C,-1.3 C,71 %,47 %,22 %,0.0 km/h,0.0 km/h,0.0 km/h,"1,004.27 hPa","1,001.76 hPa",0.00 mm
5/30/2021,21.1 C,11.4 C,3.1 C,7.6 C,3.4 C,-0.3 C,87 %,62 %,26 %,11.1 km/h,0.4 km/h,0.0 km/h,"1,006.57 hPa","1,001.39 hPa",0.00 mm
5/31/2021,26.9 C,13.4 C,3.7 C,9.6 C,5.6 C,0.4 C,83 %,63 %,30 %,11.7 km/h,0.3 km/h,0.0 km/h,"1,002.68 hPa",995.50 hPa,0.00 mm
6/1/2021,27.8 C,15.3 C,8.6 C,10.1 C,6.9 C,4.9 C,80 %,61 %,28 %,15.1 km/h,0.6 km/h,0.0 km/h,995.50 hPa,988.69 hPa,0.00 mm
6/2/2021,29.2 C,15.5 C,9.1 C,14.1 C,9.5 C,6.8 C,92 %,71 %,34 %,6.0 km/h,0.0 km/h,0.0 km/h,"1,001.49 hPa",995.50 hPa,0.00 mm
6/3/2021,24.7 C,15.8 C,7.6 C,13.5 C,9.6 C,7.0 C,99 %,71 %,35 %,25.9 km/h,1.6 km/h,0.0 km/h,999.87 hPa,992.55 hPa,0.00 mm
6/4/2021,30.5 C,19.7 C,12.9 C,20.6 C,15.4 C,11.8 C,99 %,79 %,53 %,7.6 km/h,0.2 km/h,0.0 km/h,993.19 hPa,987.37 hPa,0.00 mm
6/5/2021,17.9 C,17.9 C,17.9 C,12.3 C,12.3 C,12.3 C,70 %,70 %,70 %,7.6 km/h,7.6 km/h,7.6 km/h,991.87 hPa,991.87 hPa,0.00 mm
6/8/2021,17.9 C,16.7 C,12.4 C,14.2 C,12.5 C,9.9 C,99 %,78 %,70 %,7.6 km/h,5.7 km/h,0.0 km/h,"1,000.07 hPa",991.87 hPa,0.00 mm
6/9/2021,20.4 C,16.1 C,12.4 C,19.1 C,15.7 C,12.2 C,99 %,98 %,90 %,11.7 km/h,0.2 km/h,0.0 km/h,"1,000.00 hPa",996.24 hPa,0.00 mm
6/10/2021,21.7 C,15.6 C,11.1 C,18.9 C,13.8 C,5.9 C,99 %,90 %,68 %,19.2 km/h,0.6 km/h,0.0 km/h,"1,008.50 hPa",999.49 hPa,0.00 mm
6/11/2021,22.6 C,12.2 C,3.3 C,11.2 C,5.8 C,1.5 C,99 %,68 %,37 %,13.4 km/h,0.4 km/h,0.0 km/h,"1,008.36 hPa","1,002.68 hPa",0.00 mm
6/12/2021,24.4 C,15.5 C,9.1 C,15.8 C,12.5 C,8.9 C,99 %,84 %,57 %,18.5 km/h,1.9 km/h,0.0 km/h,"1,003.05 hPa",996.38 hPa,0.00 mm
6/13/2021,24.2 C,15.9 C,9.6 C,14.1 C,12.1 C,9.4 C,99 %,80 %,51 %,19.2 km/h,1.8 km/h,0.0 km/h,998.51 hPa,994.51 hPa,0.00 mm
6/14/2021,16.6 C,12.0 C,7.9 C,13.1 C,9.6 C,6.0 C,99 %,86 %,65 %,33.3 km/h,4.3 km/h,0.0 km/h,"1,011.99 hPa",998.07 hPa,0.00 mm
6/15/2021,12.0 C,9.3 C,7.7 C,6.0 C,3.9 C,2.2 C,78 %,70 %,59 %,11.7 km/h,0.8 km/h,0.0 km/h,"1,014.56 hPa","1,011.38 hPa",0.00 mm
6/16/2021,7.8 C,4.9 C,2.2 C,5.8 C,3.8 C,2.1 C,99 %,93 %,69 %,5.6 km/h,0.0 km/h,0.0 km/h,"1,016.19 hPa","1,012.26 hPa",12.95 mm
6/17/2021,12.0 C,6.7 C,4.4 C,8.3 C,5.1 C,4.2 C,99 %,90 %,66 %,1.9 km/h,0.0 km/h,0.0 km/h,"1,014.70 hPa","1,010.26 hPa",0.00 mm
6/18/2021,11.7 C,8.3 C,5.8 C,7.4 C,5.8 C,4.3 C,94 %,85 %,68 %,0.0 km/h,0.0 km/h,0.0 km/h,"1,012.19 hPa","1,008.06 hPa",0.00 mm
6/19/2021,17.0 C,8.9 C,2.5 C,7.3 C,5.0 C,2.3 C,99 %,80 %,47 %,1.9 km/h,0.0 km/h,0.0 km/h,"1,010.87 hPa","1,007.18 hPa",0.00 mm
6/20/2021,16.2 C,8.1 C,0.9 C,10.6 C,6.0 C,0.7 C,99 %,88 %,55 %,7.6 km/h,0.2 km/h,0.0 km/h,"1,007.89 hPa","1,001.05 hPa",0.00 mm
6/21/2021,18.6 C,11.8 C,8.6 C,13.6 C,10.4 C,8.4 C,99 %,92 %,71 %,2.7 km/h,0.0 km/h,0.0 km/h,"1,004.67 hPa","1,001.39 hPa",0.00 mm
6/22/2021,18.5 C,12.3 C,9.8 C,16.1 C,11.2 C,9.6 C,99 %,93 %,72 %,13.4 km/h,0.3 km/h,0.0 km/h,"1,004.67 hPa",998.00 hPa,0.00 mm
6/23/2021,19.6 C,13.3 C,10.2 C,15.2 C,12.2 C,10.1 C,99 %,94 %,72 %,9.3 km/h,0.2 km/h,0.0 km/h,998.07 hPa,991.57 hPa,0.00 mm
6/24/2021,21.4 C,12.7 C,6.9 C,13.9 C,9.8 C,6.7 C,99 %,85 %,52 %,11.1 km/h,0.3 km/h,0.0 km/h,"1,000.75 hPa",993.26 hPa,0.00 mm
6/25/2021,19.0 C,11.1 C,3.6 C,13.8 C,9.1 C,3.4 C,99 %,89 %,66 %,16.7 km/h,1.3 km/h,0.0 km/h,999.87 hPa,992.08 hPa,0.25 mm
6/26/2021,15.1 C,9.8 C,5.0 C,9.7 C,5.9 C,-0.1 C,99 %,79 %,45 %,40.7 km/h,5.2 km/h,0.0 km/h,"1,009.08 hPa",995.50 hPa,0.00 mm
6/27/2021,13.0 C,4.8 C,4.7 C,0.0 C,-0.1 C,-1.3 C,78 %,69 %,35 %,6.8 km/h,0.0 km/h,0.0 km/h,"1,009.69 hPa","1,009.08 hPa",0.00 mm
6/28/2021,13.6 C,8.0 C,0.4 C,6.4 C,0.6 C,-2.2 C,87 %,62 %,43 %,15.1 km/h,1.6 km/h,0.0 km/h,"1,015.51 hPa",995.56 hPa,0.00 mm
6/29/2021,19.7 C,6.2 C,-2.7 C,1.6 C,-1.8 C,-4.3 C,95 %,64 %,21 %,0.0 km/h,0.0 km/h,0.0 km/h,"1,015.00 hPa","1,010.06 hPa",0.00 mm
6/30/2021,14.7 C,5.3 C,-0.3 C,13.1 C,0.8 C,-1.1 C,99 %,76 %,41 %,15.1 km/h,0.9 km/h,0.0 km/h,"1,010.36 hPa","1,001.86 hPa",0.00 mm
7/1/2021,17.7 C,9.4 C,1.7 C,4.6 C,2.9 C,0.7 C,95 %,67 %,37 %,16.7 km/h,1.6 km/h,0.0 km/h,"1,003.01 hPa",997.05 hPa,0.00 mm
7/2/2021,20.0 C,9.8 C,1.5 C,5.4 C,2.9 C,-0.2 C,99 %,66 %,32 %,9.3 km/h,0.6 km/h,0.0 km/h,"1,010.26 hPa","1,001.02 hPa",0.00 mm
7/3/2021,19.3 C,9.0 C,-0.2 C,4.8 C,1.6 C,-1.7 C,94 %,64 %,35 %,3.7 km/h,0.1 km/h,0.0 km/h,"1,010.26 hPa","1,005.38 hPa",0.00 mm
7/4/2021,20.5 C,11.2 C,4.4 C,10.6 C,5.9 C,-0.9 C,88 %,71 %,49 %,11.7 km/h,0.3 km/h,0.0 km/h,"1,005.38 hPa","1,001.76 hPa",0.00 mm
7/5/2021,22.7 C,12.2 C,3.9 C,11.9 C,7.4 C,3.7 C,99 %,76 %,42 %,1.9 km/h,0.0 km/h,0.0 km/h,"1,007.08 hPa","1,003.01 hPa",0.00 mm
7/6/2021,22.3 C,14.0 C,6.3 C,15.5 C,10.8 C,5.3 C,99 %,82 %,65 %,11.7 km/h,0.6 km/h,0.0 km/h,"1,003.25 hPa",991.70 hPa,0.00 mm
7/7/2021,21.6 C,15.2 C,11.7 C,16.3 C,13.5 C,11.0 C,99 %,90 %,71 %,14.8 km/h,0.9 km/h,0.0 km/h,"1,000.88 hPa",996.51 hPa,1.27 mm
7/8/2021,22.9 C,14.2 C,9.4 C,18.2 C,13.0 C,9.2 C,99 %,93 %,71 %,6.0 km/h,0.1 km/h,0.0 km/h,"1,000.37 hPa",994.38 hPa,0.00 mm
7/9/2021,26.6 C,18.6 C,11.3 C,15.3 C,13.8 C,11.1 C,99 %,77 %,48 %,17.5 km/h,1.2 km/h,0.0 km/h,995.36 hPa,990.48 hPa,0.00 mm
7/10/2021,18.2 C,13.0 C,4.8 C,14.8 C,5.0 C,-1.6 C,99 %,64 %,28 %,35.7 km/h,5.3 km/h,0.0 km/h,"1,007.69 hPa",993.87 hPa,1.52 mm
7/11/2021,19.1 C,11.1 C,4.1 C,9.3 C,3.0 C,-0.5 C,82 %,60 %,34 %,4.3 km/h,0.0 km/h,0.0 km/h,"1,004.88 hPa",994.75 hPa,0.00 mm
7/12/2021,27.6 C,17.0 C,11.0 C,16.7 C,10.8 C,6.9 C,80 %,68 %,50 %,20.9 km/h,2.2 km/h,0.0 km/h,997.70 hPa,992.25 hPa,0.00 mm
7/13/2021,20.2 C,14.1 C,9.2 C,9.9 C,7.0 C,5.4 C,78 %,63 %,45 %,31.5 km/h,15.0 km/h,1.6 km/h,"1,003.05 hPa",997.70 hPa,1.02 mm
7/14/2021,12.7 C,10.1 C,6.9 C,12.3 C,9.5 C,6.4 C,99 %,96 %,68 %,27.8 km/h,9.9 km/h,0.0 km/h,"1,004.27 hPa",999.39 hPa,12.70 mm
7/15/2021,21.3 C,9.3 C,1.4 C,11.2 C,5.0 C,1.2 C,99 %,79 %,36 %,15.1 km/h,3.9 km/h,0.0 km/h,"1,007.25 hPa","1,003.49 hPa",0.00 mm
7/16/2021,18.7 C,9.5 C,0.0 C,10.4 C,6.2 C,1.3 C,99 %,82 %,51 %,26.7 km/h,9.2 km/h,0.0 km/h,"1,003.49 hPa",994.01 hPa,0.00 mm
7/17/2021,15.7 C,9.7 C,4.9 C,6.6 C,-0.9 C,-6.0 C,83 %,50 %,24 %,35.2 km/h,15.2 km/h,0.0 km/h,"1,013.58 hPa",999.49 hPa,0.00 mm
7/18/2021,17.0 C,7.2 C,1.0 C,0.1 C,-3.4 C,-6.0 C,73 %,49 %,26 %,22.5 km/h,7.2 km/h,0.0 km/h,"1,016.39 hPa","1,011.55 hPa",0.00 mm
7/19/2021,18.3 C,8.0 C,0.5 C,4.0 C,-0.3 C,-3.1 C,85 %,60 %,27 %,24.1 km/h,6.6 km/h,0.0 km/h,"1,012.26 hPa","1,005.76 hPa",0.00 mm
7/20/2021,21.7 C,10.9 C,2.6 C,3.7 C,-0.1 C,-2.7 C,79 %,50 %,26 %,34.1 km/h,12.5 km/h,1.6 km/h,"1,006.27 hPa","1,000.07 hPa",0.00 mm
7/21/2021,22.9 C,11.4 C,4.5 C,4.7 C,1.5 C,-0.3 C,74 %,53 %,27 %,28.3 km/h,11.5 km/h,3.2 km/h,"1,002.88 hPa","1,000.07 hPa",0.00 mm
7/22/2021,16.0 C,15.5 C,14.6 C,6.8 C,6.3 C,6.1 C,79 %,54 %,29 %,14.8 km/h,7.6 km/h,3.7 km/h,999.19 hPa,998.75 hPa,0.00 mm
7/23/2021,14.6 C,9.7 C,9.4 C,6.6 C,4.9 C,4.6 C,73 %,72 %,57 %,10.1 km/h,0.6 km/h,0.0 km/h,998.75 hPa,998.51 hPa,0.00 mm
7/24/2021,21.9 C,11.9 C,9.4 C,12.4 C,6.8 C,4.8 C,77 %,72 %,54 %,20.9 km/h,4.1 km/h,0.0 km/h,998.58 hPa,989.50 hPa,0.00 mm
7/25/2021,18.8 C,12.1 C,7.3 C,9.9 C,6.8 C,3.2 C,85 %,71 %,55 %,28.3 km/h,12.5 km/h,0.0 km/h,999.26 hPa,991.74 hPa,0.00 mm
7/26/2021,19.6 C,10.6 C,3.8 C,4.4 C,2.0 C,-2.7 C,80 %,57 %,36 %,31.7 km/h,12.8 km/h,0.0 km/h,"1,011.24 hPa",998.88 hPa,0.00 mm
7/27/2021,17.9 C,7.7 C,-2.1 C,-1.8 C,-4.5 C,-6.2 C,74 %,46 %,22 %,28.3 km/h,9.4 km/h,0.0 km/h,"1,012.36 hPa","1,008.57 hPa",0.00 mm
7/28/2021,13.9 C,6.4 C,0.6 C,1.7 C,-3.3 C,-5.7 C,79 %,52 %,32 %,34.1 km/h,9.1 km/h,0.0 km/h,"1,017.20 hPa","1,012.36 hPa",0.00 mm
7/29/2021,17.6 C,7.4 C,-2.4 C,1.8 C,-2.4 C,-5.7 C,82 %,53 %,25 %,20.9 km/h,7.4 km/h,0.0 km/h,"1,014.36 hPa","1,007.25 hPa",0.00 mm
7/30/2021,18.2 C,8.9 C,1.4 C,1.8 C,-1.5 C,-3.7 C,85 %,52 %,26 %,33.3 km/h,12.9 km/h,0.0 km/h,"1,008.26 hPa","1,003.01 hPa",0.00 mm
7/31/2021,23.9 C,11.6 C,2.5 C,3.9 C,0.4 C,-1.8 C,83 %,51 %,19 %,16.7 km/h,5.6 km/h,0.0 km/h,"1,013.68 hPa","1,003.86 hPa",0.00 mm
8/1/2021,24.6 C,11.1 C,2.4 C,5.8 C,1.3 C,-2.1 C,76 %,54 %,22 %,14.8 km/h,4.8 km/h,0.0 km/h,"1,016.39 hPa","1,011.75 hPa",0.00 mm
8/2/2021,20.4 C,10.9 C,2.4 C,7.1 C,3.2 C,-0.2 C,98 %,62 %,36 %,24.1 km/h,6.6 km/h,0.0 km/h,"1,013.07 hPa","1,008.36 hPa",0.00 mm
8/3/2021,21.9 C,14.4 C,3.7 C,6.5 C,4.0 C,0.4 C,92 %,54 %,34 %,22.5 km/h,9.5 km/h,0.0 km/h,"1,010.50 hPa","1,007.48 hPa",0.00 mm
8/4/2021,23.2 C,18.7 C,8.8 C,8.9 C,4.9 C,0.9 C,78 %,42 %,27 %,20.9 km/h,8.6 km/h,0.0 km/h,"1,011.75 hPa","1,007.48 hPa",0.00 mm
8/5/2021,23.0 C,14.1 C,4.8 C,10.9 C,7.1 C,1.3 C,83 %,65 %,41 %,24.1 km/h,8.2 km/h,0.0 km/h,"1,008.36 hPa","1,002.20 hPa",0.00 mm
8/6/2021,25.9 C,16.1 C,6.2 C,14.1 C,10.6 C,6.1 C,99 %,74 %,41 %,29.6 km/h,10.4 km/h,0.0 km/h,"1,003.56 hPa",995.87 hPa,0.00 mm
8/7/2021,31.5 C,18.7 C,9.1 C,14.1 C,10.8 C,7.7 C,99 %,64 %,31 %,25.9 km/h,7.9 km/h,0.0 km/h,997.49 hPa,991.87 hPa,0.00 mm
8/8/2021,16.1 C,11.9 C,6.8 C,10.0 C,6.6 C,4.8 C,99 %,71 %,56 %,44.4 km/h,24.5 km/h,7.4 km/h,"1,006.74 hPa",995.70 hPa,5.84 mm
8/9/2021,14.8 C,8.6 C,4.6 C,7.6 C,3.5 C,-0.5 C,99 %,75 %,39 %,41.5 km/h,19.5 km/h,0.0 km/h,"1,011.89 hPa","1,006.74 hPa",0.76 mm
8/10/2021,19.5 C,8.1 C,-1.5 C,4.1 C,-0.2 C,-4.3 C,86 %,60 %,31 %,13.4 km/h,4.0 km/h,0.0 km/h,"1,012.26 hPa","1,008.87 hPa",0.00 mm
8/11/2021,21.8 C,9.7 C,1.6 C,4.4 C,1.8 C,0.2 C,98 %,63 %,26 %,16.7 km/h,3.7 km/h,0.0 km/h,"1,013.68 hPa","1,009.38 hPa",0.00 mm
8/12/2021,18.8 C,9.0 C,1.6 C,4.8 C,0.9 C,-1.2 C,84 %,60 %,30 %,19.2 km/h,3.5 km/h,0.0 km/h,"1,012.87 hPa","1,009.01 hPa",0.00 mm
8/13/2021,20.7 C,9.1 C,0.2 C,6.8 C,1.4 C,-3.3 C,80 %,61 %,32 %,13.4 km/h,2.9 km/h,0.0 km/h,"1,011.99 hPa","1,005.69 hPa",0.00 mm
8/14/2021,24.9 C,11.2 C,0.7 C,7.2 C,2.4 C,-2.2 C,84 %,59 %,27 %,15.1 km/h,3.1 km/h,0.0 km/h,"1,007.76 hPa","1,002.51 hPa",0.00 mm
8/15/2021,22.7 C,11.9 C,3.4 C,8.2 C,3.1 C,-0.2 C,85 %,58 %,32 %,17.5 km/h,5.2 km/h,0.0 km/h,"1,004.20 hPa",996.89 hPa,0.00 mm
8/16/2021,25.5 C,16.4 C,6.9 C,13.9 C,9.5 C,3.3 C,99 %,66 %,47 %,29.9 km/h,11.1 km/h,0.0 km/h,997.19 hPa,988.86 hPa,0.00 mm
8/17/2021,31.7 C,19.3 C,10.3 C,16.8 C,12.8 C,7.7 C,99 %,70 %,36 %,20.9 km/h,5.8 km/h,0.0 km/h,994.68 hPa,990.38 hPa,0.00 mm
8/19/2021,35.2 C,29.5 C,20.9 C,16.1 C,14.6 C,12.3 C,78 %,69 %,32 %,6.0 km/h,3.8 km/h,2.7 km/h,986.39 hPa,986.39 hPa,0.00 mm
8/26/2021,23.6 C,18.5 C,0.0 C,4.0 C,0.2 C,-2.8 C,68 %,32 %,0 %,29.9 km/h,15.6 km/h,3.2 km/h,"1,001.39 hPa",851.00 hPa,0.00 mm
8/27/2021,24.4 C,13.2 C,4.6 C,4.4 C,1.4 C,-2.3 C,75 %,48 %,22 %,16.7 km/h,6.5 km/h,0.0 km/h,"1,003.76 hPa",999.49 hPa,0.00 mm
8/28/2021,28.0 C,16.5 C,7.9 C,10.2 C,6.4 C,2.6 C,79 %,54 %,28 %,22.2 km/h,7.3 km/h,0.0 km/h,"1,005.38 hPa",999.56 hPa,0.00 mm
8/29/2021,27.8 C,18.1 C,7.7 C,13.3 C,8.2 C,3.4 C,76 %,55 %,33 %,22.5 km/h,6.9 km/h,0.0 km/h,"1,006.57 hPa","1,000.07 hPa",0.00 mm
8/30/2021,30.6 C,21.1 C,9.9 C,19.6 C,13.8 C,6.5 C,99 %,64 %,49 %,29.6 km/h,11.4 km/h,0.0 km/h,"1,000.88 hPa",992.89 hPa,0.00 mm
8/31/2021,32.9 C,25.1 C,18.1 C,18.5 C,16.3 C,13.6 C,77 %,60 %,41 %,33.3 km/h,12.8 km/h,0.0 km/h,996.07 hPa,990.89 hPa,0.00 mm
9/1/2021,32.2 C,24.0 C,18.8 C,19.9 C,17.3 C,14.3 C,99 %,68 %,42 %,26.7 km/h,11.9 km/h,0.0 km/h,995.87 hPa,988.99 hPa,0.25 mm
9/2/2021,18.8 C,16.4 C,14.4 C,18.6 C,16.2 C,14.2 C,99 %,99 %,99 %,26.7 km/h,12.6 km/h,3.2 km/h,"1,004.00 hPa",995.19 hPa,1.50 mm
9/3/2021,19.1 C,15.1 C,13.4 C,18.6 C,14.9 C,13.2 C,99 %,99 %,95 %,15.1 km/h,6.2 km/h,0.0 km/h,"1,004.50 hPa",998.07 hPa,0.00 mm
9/4/2021,26.7 C,18.0 C,14.8 C,21.9 C,16.8 C,14.4 C,99 %,93 %,73 %,25.9 km/h,8.6 km/h,0.0 km/h,999.70 hPa,994.01 hPa,0.00 mm
9/5/2021,17.0 C,15.3 C,0.0 C,14.7 C,13.5 C,10.4 C,97 %,88 %,0 %,17.5 km/h,8.6 km/h,0.0 km/h,"1,000.37 hPa",997.70 hPa,0.00 mm
9/6/2021,26.0 C,21.4 C,15.0 C,18.9 C,17.0 C,14.6 C,99 %,77 %,63 %,24.1 km/h,12.1 km/h,3.2 km/h,"1,000.20 hPa",992.08 hPa,0.00 mm
9/7/2021,19.9 C,16.8 C,14.1 C,18.4 C,16.0 C,13.9 C,99 %,95 %,89 %,34.1 km/h,12.5 km/h,1.6 km/h,996.00 hPa,991.74 hPa,0.00 mm
9/8/2021,18.4 C,14.6 C,11.6 C,15.8 C,9.6 C,7.9 C,98 %,72 %,57 %,50.1 km/h,28.4 km/h,6.0 km/h,"1,001.56 hPa",993.57 hPa,14.48 mm
9/9/2021,14.1 C,11.6 C,10.2 C,9.1 C,8.2 C,7.4 C,88 %,78 %,47 %,43.3 km/h,23.8 km/h,9.7 km/h,"1,004.00 hPa","1,000.58 hPa",1.02 mm
9/10/2021,--,--,--,--,--,--,99 %,81 %,36 %,--,--,--,--,--,--
9/11/2021,21.1 C,18.7 C,17.1 C,11.5 C,11.0 C,10.4 C,99 %,65 %,39 %,24.1 km/h,14.9 km/h,7.4 km/h,990.55 hPa,988.76 hPa,0.00 mm
9/12/2021,35.1 C,22.7 C,12.1 C,15.8 C,11.1 C,4.2 C,87 %,54 %,16 %,35.7 km/h,13.6 km/h,0.0 km/h,990.99 hPa,985.88 hPa,0.00 mm
9/13/2021,21.0 C,15.5 C,12.9 C,13.9 C,7.9 C,3.9 C,78 %,61 %,51 %,50.7 km/h,28.9 km/h,12.9 km/h,"1,003.69 hPa",990.99 hPa,3.78 mm
9/14/2021,23.3 C,14.3 C,6.0 C,4.4 C,0.5 C,-4.1 C,69 %,44 %,18 %,28.3 km/h,11.6 km/h,0.0 km/h,"1,005.86 hPa","1,002.37 hPa",0.00 mm
9/15/2021,24.5 C,14.1 C,2.2 C,6.0 C,0.3 C,-2.2 C,81 %,44 %,19 %,22.2 km/h,6.4 km/h,0.0 km/h,"1,007.48 hPa","1,003.39 hPa",0.00 mm
9/16/2021,26.7 C,16.9 C,5.9 C,7.3 C,2.7 C,-0.8 C,78 %,44 %,18 %,22.2 km/h,7.5 km/h,0.0 km/h,"1,009.69 hPa","1,002.51 hPa",0.00 mm
9/17/2021,29.5 C,18.8 C,7.6 C,10.8 C,5.7 C,0.8 C,85 %,47 %,17 %,20.4 km/h,7.7 km/h,0.0 km/h,"1,003.69 hPa",995.19 hPa,0.00 mm
9/18/2021,29.6 C,20.6 C,10.6 C,18.3 C,13.3 C,6.6 C,87 %,65 %,47 %,24.1 km/h,7.1 km/h,0.0 km/h,998.51 hPa,991.70 hPa,0.00 mm
9/19/2021,29.3 C,20.7 C,12.8 C,21.0 C,17.0 C,12.6 C,99 %,81 %,59 %,22.5 km/h,6.5 km/h,0.0 km/h,995.50 hPa,988.39 hPa,0.00 mm
9/20/2021,21.4 C,17.8 C,13.6 C,17.7 C,14.9 C,10.9 C,99 %,84 %,67 %,41.5 km/h,19.9 km/h,4.8 km/h,"1,009.55 hPa",993.87 hPa,0.51 mm
9/21/2021,22.8 C,15.3 C,10.3 C,11.2 C,5.0 C,-2.1 C,90 %,57 %,23 %,22.2 km/h,9.0 km/h,0.0 km/h,"1,013.07 hPa","1,006.74 hPa",0.00 mm
9/22/2021,22.2 C,15.4 C,11.3 C,9.1 C,6.5 C,3.4 C,83 %,56 %,37 %,20.9 km/h,10.0 km/h,2.7 km/h,"1,007.69 hPa","1,000.20 hPa",0.00 mm
9/23/2021,25.7 C,15.2 C,6.1 C,14.8 C,8.1 C,4.5 C,99 %,69 %,30 %,20.9 km/h,7.2 km/h,0.0 km/h,"1,006.87 hPa","1,003.25 hPa",0.00 mm
9/24/2021,28.4 C,17.6 C,6.8 C,12.9 C,9.2 C,4.6 C,87 %,61 %,34 %,20.4 km/h,5.2 km/h,0.0 km/h,"1,007.18 hPa","1,001.76 hPa",0.00 mm
9/25/2021,27.7 C,19.4 C,10.0 C,15.6 C,11.6 C,7.9 C,96 %,63 %,38 %,29.9 km/h,13.2 km/h,0.0 km/h,"1,003.56 hPa",993.06 hPa,0.00 mm
9/26/2021,35.1 C,21.7 C,11.3 C,14.5 C,11.1 C,5.8 C,99 %,56 %,24 %,24.1 km/h,8.5 km/h,0.0 km/h,998.98 hPa,994.55 hPa,0.00 mm
9/28/2021,16.9 C,15.6 C,14.5 C,13.7 C,13.3 C,9.3 C,90 %,86 %,71 %,16.7 km/h,8.6 km/h,0.0 km/h,"1,002.88 hPa","1,000.75 hPa",0.00 mm
9/29/2021,26.9 C,19.1 C,12.8 C,18.3 C,14.5 C,12.6 C,99 %,78 %,44 %,26.7 km/h,9.7 km/h,0.0 km/h,"1,003.01 hPa",992.69 hPa,0.00 mm
9/30/2021,30.9 C,20.7 C,13.1 C,22.0 C,16.0 C,8.2 C,99 %,76 %,49 %,54.1 km/h,14.5 km/h,0.0 km/h,999.70 hPa,987.67 hPa,3.30 mm
10/1/2021,28.4 C,19.1 C,9.5 C,8.6 C,5.5 C,2.4 C,79 %,47 %,20 %,24.1 km/h,9.8 km/h,0.0 km/h,"1,000.24 hPa",994.07 hPa,0.00 mm
10/2/2021,32.5 C,19.9 C,13.2 C,18.8 C,9.0 C,0.8 C,77 %,51 %,34 %,50.1 km/h,13.8 km/h,0.0 km/h,999.19 hPa,986.86 hPa,3.56 mm
10/3/2021,24.1 C,15.2 C,9.4 C,3.3 C,0.0 C,-2.7 C,59 %,37 %,19 %,29.9 km/h,9.4 km/h,0.0 km/h,"1,003.49 hPa",998.07 hPa,0.00 mm
10/4/2021,28.7 C,16.3 C,4.2 C,3.3 C,0.5 C,-2.1 C,70 %,39 %,15 %,20.9 km/h,6.1 km/h,0.0 km/h,"1,003.69 hPa",997.70 hPa,0.00 mm
10/5/2021,27.1 C,18.3 C,7.2 C,7.9 C,5.2 C,0.7 C,80 %,46 %,27 %,29.6 km/h,12.3 km/h,0.0 km/h,"1,000.07 hPa",991.57 hPa,0.00 mm
10/6/2021,21.8 C,15.2 C,9.2 C,8.1 C,5.1 C,1.9 C,74 %,53 %,33 %,43.3 km/h,16.7 km/h,0.0 km/h,"1,007.38 hPa",994.99 hPa,2.29 mm
10/7/2021,24.5 C,16.2 C,7.6 C,6.7 C,4.0 C,1.1 C,65 %,46 %,29 %,24.1 km/h,9.9 km/h,0.0 km/h,"1,007.25 hPa",997.36 hPa,0.00 mm
10/8/2021,25.4 C,18.3 C,13.5 C,7.9 C,5.5 C,3.7 C,58 %,45 %,30 %,24.1 km/h,8.8 km/h,0.0 km/h,"1,001.56 hPa",994.89 hPa,0.00 mm
10/9/2021,28.1 C,19.5 C,9.4 C,12.2 C,8.1 C,5.0 C,80 %,51 %,27 %,28.3 km/h,9.1 km/h,0.0 km/h,"1,001.86 hPa",996.68 hPa,0.00 mm
10/10/2021,24.2 C,18.1 C,13.5 C,19.3 C,15.9 C,11.6 C,99 %,88 %,66 %,20.4 km/h,7.7 km/h,0.0 km/h,"1,002.07 hPa",996.89 hPa,4.57 mm
10/11/2021,31.2 C,20.5 C,11.8 C,20.4 C,14.1 C,11.6 C,99 %,72 %,36 %,16.7 km/h,5.7 km/h,0.0 km/h,"1,001.76 hPa",996.00 hPa,0.00 mm
10/12/2021,31.8 C,22.8 C,13.1 C,16.8 C,13.7 C,11.2 C,92 %,59 %,34 %,24.1 km/h,9.0 km/h,0.0 km/h,998.07 hPa,988.25 hPa,0.00 mm
10/13/2021,27.2 C,19.7 C,14.5 C,21.7 C,16.8 C,13.4 C,99 %,85 %,61 %,35.7 km/h,12.1 km/h,0.0 km/h,994.51 hPa,984.86 hPa,36.58 mm
10/14/2021,28.1 C,15.5 C,9.3 C,21.1 C,13.0 C,7.7 C,99 %,86 %,44 %,54.1 km/h,13.0 km/h,0.0 km/h,"1,002.51 hPa",986.25 hPa,28.96 mm
10/15/2021,25.1 C,16.0 C,9.3 C,9.6 C,3.1 C,-2.8 C,99 %,49 %,17 %,22.5 km/h,8.8 km/h,0.0 km/h,"1,007.89 hPa","1,002.00 hPa",0.30 mm
10/16/2021,24.9 C,16.4 C,8.9 C,9.3 C,5.4 C,2.4 C,69 %,50 %,31 %,22.5 km/h,7.4 km/h,0.0 km/h,"1,007.69 hPa","1,002.07 hPa",0.00 mm
10/17/2021,28.6 C,17.1 C,0.0 C,10.3 C,5.5 C,1.9 C,83 %,51 %,0 %,20.4 km/h,5.7 km/h,0.0 km/h,"1,004.67 hPa",999.49 hPa,0.00 mm
10/18/2021,30.8 C,20.6 C,11.1 C,10.7 C,7.7 C,4.1 C,78 %,48 %,22 %,16.7 km/h,4.7 km/h,0.0 km/h,"1,006.74 hPa","1,001.69 hPa",0.00 mm
10/19/2021,32.3 C,21.9 C,14.5 C,12.4 C,7.4 C,2.1 C,71 %,43 %,17 %,22.5 km/h,6.5 km/h,0.0 km/h,"1,004.57 hPa",999.26 hPa,0.00 mm
10/20/2021,31.3 C,22.6 C,11.7 C,13.8 C,8.5 C,3.6 C,85 %,45 %,20 %,29.9 km/h,10.3 km/h,0.0 km/h,"1,001.19 hPa",995.36 hPa,0.00 mm
10/21/2021,31.2 C,23.5 C,12.4 C,13.8 C,10.3 C,5.2 C,88 %,46 %,25 %,31.5 km/h,10.8 km/h,0.0 km/h,999.19 hPa,992.38 hPa,0.00 mm
10/22/2021,31.7 C,22.6 C,13.5 C,17.6 C,12.4 C,9.7 C,99 %,57 %,29 %,34.1 km/h,12.7 km/h,0.0 km/h,994.24 hPa,983.37 hPa,1.02 mm
10/23/2021,26.2 C,18.5 C,12.8 C,18.6 C,13.6 C,9.5 C,99 %,77 %,43 %,33.3 km/h,13.6 km/h,0.0 km/h,998.07 hPa,990.01 hPa,6.10 mm
10/24/2021,33.0 C,20.7 C,8.7 C,11.1 C,6.2 C,1.4 C,87 %,46 %,15 %,22.2 km/h,6.6 km/h,0.0 km/h,"1,002.00 hPa",996.24 hPa,0.00 mm
10/25/2021,41.4 C,26.0 C,13.3 C,11.1 C,7.2 C,0.7 C,78 %,38 %,9 %,26.7 km/h,11.2 km/h,0.0 km/h,996.51 hPa,993.26 hPa,0.00 mm
10/26/2021,40.6 C,28.2 C,15.8 C,12.7 C,8.9 C,1.7 C,71 %,37 %,10 %,29.9 km/h,11.2 km/h,0.0 km/h,997.19 hPa,992.89 hPa,0.00 mm
10/27/2021,36.1 C,26.8 C,14.4 C,16.3 C,11.9 C,6.7 C,90 %,46 %,18 %,26.7 km/h,10.0 km/h,0.0 km/h,"1,000.20 hPa",996.89 hPa,0.00 mm
10/29/2021,38.5 C,32.0 C,0.0 C,15.0 C,12.7 C,-5.0 C,43 %,32 %,0 %,20.4 km/h,8.5 km/h,0.0 km/h,996.51 hPa,992.25 hPa,0.00 mm
10/30/2021,40.3 C,30.0 C,18.6 C,20.1 C,15.9 C,11.4 C,66 %,45 %,24 %,19.2 km/h,5.9 km/h,0.0 km/h,995.50 hPa,991.57 hPa,0.00 mm
10/31/2021,28.4 C,19.7 C,13.9 C,18.8 C,13.8 C,10.9 C,84 %,70 %,52 %,40.7 km/h,20.7 km/h,1.6 km/h,"1,002.00 hPa",995.19 hPa,0.25 mm
11/1/2021,20.3 C,14.9 C,12.2 C,19.8 C,14.5 C,10.7 C,99 %,98 %,82 %,29.9 km/h,13.7 km/h,1.6 km/h,"1,002.24 hPa",997.56 hPa,13.46 mm
11/2/2021,24.8 C,17.7 C,13.7 C,19.9 C,16.4 C,13.6 C,99 %,93 %,72 %,22.2 km/h,7.7 km/h,0.0 km/h,"1,002.00 hPa",996.38 hPa,0.00 mm
11/3/2021,27.4 C,16.0 C,12.4 C,20.7 C,14.8 C,12.2 C,99 %,90 %,44 %,11.1 km/h,1.2 km/h,0.0 km/h,998.38 hPa,994.75 hPa,0.00 mm
11/4/2021,27.3 C,12.3 C,12.3 C,18.1 C,12.1 C,12.1 C,99 %,94 %,57 %,22.5 km/h,22.2 km/h,9.3 km/h,994.75 hPa,994.68 hPa,0.00 mm
11/5/2021,17.9 C,13.7 C,12.3 C,12.3 C,10.4 C,6.4 C,99 %,82 %,49 %,27.8 km/h,17.7 km/h,1.6 km/h,"1,008.26 hPa",994.68 hPa,0.00 mm
11/6/2021,26.3 C,17.3 C,11.1 C,13.2 C,9.1 C,6.6 C,76 %,60 %,37 %,16.7 km/h,7.8 km/h,0.0 km/h,"1,008.26 hPa","1,001.19 hPa",0.00 mm
11/7/2021,33.4 C,22.3 C,12.9 C,16.7 C,13.3 C,9.3 C,81 %,60 %,33 %,13.0 km/h,4.1 km/h,0.0 km/h,"1,003.25 hPa",995.87 hPa,0.00 mm
11/8/2021,34.0 C,24.0 C,15.8 C,19.4 C,17.0 C,14.8 C,99 %,68 %,37 %,16.7 km/h,4.2 km/h,0.0 km/h,"1,000.07 hPa",995.19 hPa,0.00 mm
11/9/2021,29.0 C,20.0 C,16.1 C,18.4 C,16.5 C,13.0 C,99 %,83 %,42 %,42.6 km/h,8.5 km/h,0.0 km/h,"1,001.49 hPa",995.26 hPa,10.92 mm
11/10/2021,32.0 C,22.1 C,0.0 C,20.8 C,16.9 C,13.7 C,99 %,74 %,0 %,22.2 km/h,6.5 km/h,0.0 km/h,"1,000.37 hPa",996.00 hPa,0.00 mm
11/11/2021,33.0 C,24.3 C,16.1 C,16.8 C,15.0 C,11.0 C,96 %,61 %,28 %,22.2 km/h,8.1 km/h,0.0 km/h,"1,003.18 hPa",997.70 hPa,0.00 mm
11/13/2021,17.7 C,17.3 C,0.0 C,17.6 C,17.1 C,16.9 C,99 %,99 %,0 %,37.0 km/h,19.6 km/h,0.0 km/h,"1,000.00 hPa",989.74 hPa,3.05 mm
11/14/2021,32.8 C,22.7 C,14.9 C,17.3 C,12.7 C,5.1 C,99 %,61 %,20 %,20.4 km/h,9.6 km/h,0.0 km/h,999.87 hPa,992.99 hPa,0.00 mm
11/15/2021,30.9 C,23.4 C,16.1 C,20.6 C,16.4 C,10.2 C,80 %,66 %,51 %,24.1 km/h,8.3 km/h,0.0 km/h,995.87 hPa,988.05 hPa,0.00 mm
11/16/2021,22.0 C,17.5 C,13.9 C,18.2 C,9.7 C,6.8 C,82 %,61 %,47 %,51.8 km/h,22.5 km/h,0.0 km/h,"1,006.57 hPa",993.74 hPa,8.89 mm
11/17/2021,28.6 C,18.5 C,9.3 C,9.4 C,6.0 C,2.4 C,79 %,48 %,20 %,16.7 km/h,7.3 km/h,0.0 km/h,"1,006.57 hPa",996.89 hPa,0.00 mm
11/18/2021,34.0 C,21.2 C,9.7 C,12.1 C,8.7 C,4.7 C,80 %,48 %,22 %,20.9 km/h,6.0 km/h,0.0 km/h,998.51 hPa,993.57 hPa,0.00 mm
11/19/2021,36.2 C,25.3 C,13.1 C,13.8 C,9.0 C,2.6 C,78 %,41 %,16 %,19.2 km/h,6.6 km/h,0.0 km/h,999.19 hPa,994.68 hPa,0.00 mm
11/20/2021,35.4 C,26.1 C,15.0 C,15.7 C,12.2 C,8.9 C,86 %,47 %,21 %,27.8 km/h,10.0 km/h,0.0 km/h,998.17 hPa,993.26 hPa,0.00 mm
11/21/2021,37.3 C,27.3 C,16.0 C,15.4 C,13.3 C,10.1 C,91 %,48 %,24 %,25.9 km/h,9.7 km/h,0.0 km/h,996.00 hPa,988.86 hPa,0.00 mm
11/22/2021,43.0 C,30.0 C,18.4 C,17.3 C,14.6 C,11.8 C,82 %,45 %,17 %,28.3 km/h,6.8 km/h,0.0 km/h,995.73 hPa,988.25 hPa,0.00 mm
11/23/2021,33.7 C,25.8 C,20.2 C,13.6 C,11.2 C,9.2 C,62 %,42 %,23 %,22.5 km/h,10.0 km/h,0.0 km/h,"1,002.51 hPa",995.56 hPa,0.00 mm
11/24/2021,36.1 C,26.1 C,18.8 C,18.4 C,15.0 C,10.9 C,76 %,53 %,34 %,33.3 km/h,12.5 km/h,0.0 km/h,996.75 hPa,987.57 hPa,0.00 mm
11/25/2021,32.9 C,27.0 C,0.0 C,20.9 C,16.2 C,-2.7 C,99 %,56 %,0 %,39.1 km/h,17.8 km/h,0.0 km/h,995.36 hPa,987.57 hPa,21.34 mm
11/26/2021,37.8 C,26.1 C,15.2 C,18.9 C,15.5 C,11.4 C,99 %,58 %,23 %,16.7 km/h,5.3 km/h,0.0 km/h,996.38 hPa,989.57 hPa,0.00 mm
11/27/2021,34.4 C,26.1 C,17.5 C,20.6 C,16.1 C,13.3 C,99 %,57 %,30 %,43.3 km/h,11.3 km/h,0.0 km/h,993.26 hPa,985.57 hPa,40.13 mm
11/28/2021,28.7 C,21.2 C,14.9 C,19.6 C,14.5 C,11.2 C,99 %,70 %,38 %,51.8 km/h,15.5 km/h,0.0 km/h,995.50 hPa,991.74 hPa,27.43 mm
11/29/2021,34.4 C,24.1 C,14.6 C,15.5 C,10.8 C,5.2 C,82 %,49 %,18 %,19.2 km/h,6.4 km/h,0.0 km/h,994.89 hPa,989.88 hPa,0.00 mm
11/30/2021,34.6 C,25.4 C,14.9 C,16.1 C,11.5 C,6.4 C,85 %,47 %,19 %,20.4 km/h,7.1 km/h,0.0 km/h,994.75 hPa,988.99 hPa,0.00 mm
12/1/2021,34.1 C,24.9 C,17.6 C,18.5 C,15.7 C,13.3 C,84 %,59 %,36 %,26.7 km/h,6.7 km/h,0.0 km/h,996.51 hPa,992.01 hPa,0.00 mm
12/2/2021,34.9 C,26.5 C,18.4 C,18.7 C,15.5 C,13.3 C,73 %,54 %,33 %,18.5 km/h,9.2 km/h,0.0 km/h,997.77 hPa,992.89 hPa,0.00 mm
12/3/2021,32.6 C,27.7 C,24.9 C,17.8 C,13.2 C,11.6 C,63 %,41 %,33 %,24.1 km/h,9.8 km/h,3.2 km/h,996.00 hPa,992.52 hPa,0.00 mm
12/4/2021,34.1 C,25.8 C,21.0 C,17.8 C,15.6 C,13.4 C,72 %,55 %,31 %,15.1 km/h,5.6 km/h,0.0 km/h,"1,001.76 hPa",995.73 hPa,0.00 mm
12/5/2021,32.1 C,24.9 C,18.4 C,20.1 C,17.7 C,15.3 C,89 %,66 %,46 %,16.7 km/h,7.7 km/h,0.0 km/h,"1,003.25 hPa","1,000.24 hPa",0.00 mm
12/6/2021,35.3 C,25.5 C,18.0 C,19.6 C,17.2 C,15.0 C,87 %,63 %,38 %,17.5 km/h,5.7 km/h,0.0 km/h,"1,003.69 hPa",998.68 hPa,0.00 mm
12/7/2021,34.5 C,27.1 C,18.8 C,17.6 C,15.3 C,14.1 C,76 %,51 %,33 %,24.1 km/h,11.4 km/h,0.0 km/h,"1,001.56 hPa",994.07 hPa,0.00 mm
12/8/2021,38.8 C,28.4 C,21.2 C,18.1 C,13.7 C,10.3 C,64 %,43 %,24 %,22.2 km/h,10.6 km/h,0.0 km/h,999.39 hPa,995.06 hPa,0.00 mm
12/9/2021,30.7 C,24.2 C,20.7 C,20.2 C,17.1 C,11.8 C,86 %,66 %,44 %,24.1 km/h,10.0 km/h,1.6 km/h,999.26 hPa,996.00 hPa,0.00 mm
12/10/2021,22.9 C,20.3 C,18.9 C,22.3 C,19.8 C,16.0 C,99 %,97 %,73 %,16.7 km/h,5.8 km/h,0.0 km/h,997.36 hPa,992.08 hPa,9.40 mm
12/11/2021,32.5 C,24.8 C,18.1 C,22.8 C,18.5 C,15.8 C,99 %,72 %,41 %,22.2 km/h,8.3 km/h,0.0 km/h,993.19 hPa,983.88 hPa,0.00 mm
12/12/2021,33.9 C,23.7 C,18.7 C,20.5 C,18.5 C,16.7 C,99 %,75 %,44 %,44.4 km/h,11.0 km/h,0.0 km/h,993.50 hPa,984.25 hPa,11.43 mm
12/13/2021,30.3 C,22.0 C,18.0 C,22.4 C,19.1 C,17.2 C,99 %,86 %,50 %,17.5 km/h,6.7 km/h,0.0 km/h,997.05 hPa,991.26 hPa,0.00 mm
12/14/2021,37.1 C,25.6 C,18.3 C,21.7 C,18.2 C,14.6 C,88 %,67 %,36 %,31.5 km/h,6.5 km/h,0.0 km/h,999.26 hPa,992.55 hPa,0.00 mm
12/15/2021,34.5 C,24.2 C,16.6 C,19.3 C,16.1 C,14.7 C,90 %,64 %,36 %,22.5 km/h,8.7 km/h,0.0 km/h,"1,000.58 hPa",994.99 hPa,0.00 mm
12/16/2021,35.7 C,26.8 C,18.2 C,18.6 C,14.8 C,11.9 C,76 %,51 %,27 %,22.2 km/h,7.7 km/h,0.0 km/h,999.70 hPa,995.06 hPa,0.00 mm
12/17/2021,36.8 C,26.9 C,17.3 C,19.3 C,15.1 C,11.6 C,86 %,53 %,23 %,20.9 km/h,8.7 km/h,0.0 km/h,"1,000.37 hPa",994.51 hPa,0.00 mm
12/18/2021,36.3 C,28.6 C,20.1 C,19.6 C,16.6 C,13.2 C,67 %,50 %,33 %,22.5 km/h,7.9 km/h,0.0 km/h,997.87 hPa,992.08 hPa,0.00 mm
12/19/2021,40.6 C,30.6 C,21.5 C,21.4 C,18.3 C,16.3 C,73 %,51 %,28 %,20.9 km/h,6.5 km/h,0.0 km/h,995.06 hPa,989.67 hPa,0.00 mm
12/20/2021,42.0 C,35.0 C,26.6 C,20.7 C,17.1 C,15.2 C,60 %,36 %,24 %,20.4 km/h,8.6 km/h,0.0 km/h,997.19 hPa,988.01 hPa,0.00 mm
12/21/2021,40.5 C,29.4 C,20.7 C,22.3 C,19.2 C,15.6 C,82 %,57 %,31 %,40.7 km/h,10.3 km/h,0.0 km/h,995.26 hPa,987.23 hPa,0.76 mm
12/22/2021,38.3 C,30.5 C,22.1 C,23.8 C,18.0 C,13.9 C,99 %,54 %,27 %,22.2 km/h,9.6 km/h,0.0 km/h,996.68 hPa,992.25 hPa,1.78 mm
12/23/2021,38.9 C,33.7 C,26.7 C,15.6 C,13.8 C,11.1 C,39 %,31 %,24 %,18.5 km/h,9.1 km/h,0.0 km/h,998.00 hPa,992.89 hPa,0.00 mm
12/24/2021,39.8 C,29.8 C,20.3 C,14.2 C,12.1 C,10.1 C,67 %,37 %,19 %,25.9 km/h,9.3 km/h,0.0 km/h,994.75 hPa,990.08 hPa,0.00 mm
12/25/2021,40.1 C,30.4 C,21.3 C,13.9 C,10.8 C,6.4 C,57 %,33 %,15 %,22.5 km/h,10.0 km/h,0.0 km/h,996.24 hPa,992.18 hPa,0.00 mm
12/26/2021,41.2 C,30.5 C,20.2 C,16.6 C,11.6 C,6.2 C,55 %,34 %,17 %,17.5 km/h,7.1 km/h,0.0 km/h,998.58 hPa,992.01 hPa,0.00 mm
12/27/2021,42.5 C,31.1 C,19.7 C,15.1 C,8.6 C,4.7 C,57 %,27 %,11 %,19.2 km/h,4.7 km/h,0.0 km/h,994.89 hPa,990.18 hPa,0.00 mm
12/28/2021,41.9 C,31.2 C,20.3 C,14.2 C,9.5 C,5.0 C,58 %,29 %,13 %,26.7 km/h,6.0 km/h,0.0 km/h,994.55 hPa,991.37 hPa,0.00 mm
12/31/2021,39.6 C,35.0 C,0.0 C,21.1 C,13.6 C,10.4 C,76 %,29 %,0 %,24.1 km/h,10.8 km/h,0.0 km/h,994.75 hPa,982.39 hPa,1.02 mm
1/1/2022,37.8 C,28.0 C,21.6 C,19.7 C,16.2 C,10.6 C,80 %,50 %,31 %,38.9 km/h,12.9 km/h,0.0 km/h,987.74 hPa,982.26 hPa,0.51 mm
1/2/2022,37.3 C,26.8 C,18.6 C,22.0 C,18.3 C,14.5 C,91 %,62 %,40 %,35.2 km/h,10.6 km/h,0.0 km/h,990.69 hPa,983.58 hPa,21.59 mm
1/3/2022,35.8 C,26.0 C,20.5 C,19.8 C,18.0 C,16.2 C,83 %,65 %,37 %,24.1 km/h,6.6 km/h,0.0 km/h,993.06 hPa,989.74 hPa,0.00 mm
1/4/2022,--,--,--,--,--,--,73 %,53 %,28 %,--,--,--,--,--,--
1/6/2022,--,--,--,--,--,--,49 %,33 %,21 %,--,--,--,--,--,--
1/7/2022,36.0 C,31.5 C,29.3 C,18.7 C,12.0 C,10.3 C,69 %,33 %,19 %,11.7 km/h,4.1 km/h,1.6 km/h,996.51 hPa,989.74 hPa,0.00 mm
1/8/2022,38.6 C,29.8 C,19.9 C,17.1 C,13.9 C,6.9 C,66 %,40 %,24 %,16.7 km/h,6.7 km/h,0.0 km/h,996.75 hPa,991.20 hPa,0.00 mm
1/9/2022,40.2 C,30.5 C,20.9 C,19.4 C,12.7 C,7.2 C,58 %,37 %,14 %,17.5 km/h,6.3 km/h,0.0 km/h,995.26 hPa,990.89 hPa,0.00 mm
1/10/2022,43.6 C,31.9 C,21.6 C,19.1 C,15.3 C,11.8 C,69 %,40 %,18 %,16.7 km/h,4.1 km/h,0.0 km/h,995.73 hPa,990.01 hPa,0.00 mm
1/11/2022,46.3 C,34.0 C,20.9 C,19.6 C,14.5 C,12.3 C,70 %,37 %,14 %,17.5 km/h,3.6 km/h,0.0 km/h,994.07 hPa,990.48 hPa,0.00 mm
1/12/2022,44.2 C,40.2 C,0.0 C,18.9 C,13.2 C,11.2 C,60 %,23 %,0 %,19.2 km/h,4.3 km/h,0.0 km/h,995.56 hPa,991.74 hPa,0.00 mm
1/13/2022,42.6 C,35.1 C,30.3 C,15.1 C,10.6 C,7.3 C,30 %,24 %,14 %,33.3 km/h,9.0 km/h,0.0 km/h,995.26 hPa,989.37 hPa,0.00 mm
1/14/2022,42.5 C,34.0 C,28.1 C,16.9 C,14.4 C,10.2 C,47 %,32 %,18 %,37.0 km/h,11.8 km/h,1.6 km/h,992.75 hPa,987.67 hPa,0.00 mm
1/15/2022,42.8 C,34.2 C,24.8 C,21.2 C,17.8 C,15.3 C,70 %,41 %,23 %,31.5 km/h,10.5 km/h,0.0 km/h,990.48 hPa,982.76 hPa,0.00 mm
1/16/2022,44.6 C,31.7 C,24.1 C,22.9 C,19.0 C,14.8 C,78 %,50 %,24 %,35.2 km/h,8.4 km/h,0.0 km/h,986.86 hPa,980.87 hPa,1.52 mm
1/17/2022,33.2 C,26.4 C,18.1 C,25.7 C,20.7 C,17.2 C,99 %,74 %,49 %,28.3 km/h,9.3 km/h,0.0 km/h,990.08 hPa,984.39 hPa,7.62 mm